:020000040800F2
:1000000000000220C1AE0008398D0008418D0008B3
:10001000498D0008518D0008598D0008000000002E
:10002000000000000000000000000000757C0008D7
:10003000618D000800000000317C0008617B000831
:1000400011AF000811AF000811AF000811AF000890
:1000500011AF000811AF000811AF000811AF000880
:1000600011AF000811AF000811AF00086F8D000834
:1000700011AF000811AF000811AF000811AF000860
:1000800011AF000811AF000811AF000811AF000850
:1000900011AF000811AF000811AF000811AF000840
:1000A00011AF000811AF000811AF000811AF000830
:1000B0007D8D000811AF000811AF000811AF0008D6
:1000C00011AF000811AF000811AF000811AF000810
:1000D00011AF000811AF000811AF000811AF000800
:1000E000918D000811AF000811AF000811AF000892
:1000F00011AF000811AF000811AF000811AF0008E0
:1001000011AF000811AF000811AF000811AF0008CF
:1001100011AF000811AF000811AF000811AF0008BF
:1001200011AF000811AF000811AF000811AF0008AF
:1001300011AF000811AF000811AF000811AF00089F
:1001400011AF000811AF000811AF000811AF00088F
:1001500011AF000811AF000811AF000811AF00087F
:1001600011AF000811AF000811AF000811AF00086F
:1001700011AF000811AF000811AF000811AF00085F
:1001800011AF000811AF000811AF000811AF00084F
:1001900011AF00080000000011AF000811AF000807
:1001A00011AF000811AF000811AF0008B128000816
:1001B00011AF000811AF000811AF000811AF00081F
:1001C00011AF000811AF000811AF000811AF00080F
:0801D00011AF000811AF000897
:1001D80081F0004102E000BF83F0004330B54FEAF0
:1001E80041044FEA430594EA050F08BF90EA020F5D
:1001F8001FBF54EA000C55EA020C7FEA645C7FEAF0
:10020800655C00F0E2804FEA5454D4EB5555B8BF12
:100218006D420CDD2C4480EA020281EA030382EA83
:10022800000083EA010180EA020281EA0303362D15
:1002380088BF30BD11F0004F4FEA01314FF4801CE8
:100248004CEA113102D0404261EB410113F0004FFA
:100258004FEA03334CEA133302D0524263EB4303B1
:1002680094EA050F00F0A780A4F10104D5F1200E4F
:100278000DDB02FA0EFC22FA05F2801841F10001AA
:1002880003FA0EF2801843FA05F359410EE0A5F17E
:1002980020050EF1200E012A03FA0EFC28BF4CF0AF
:1002A800020C43FA05F3C01851EBE37101F0004565
:1002B80007D54FF0000EDCF1000C7EEB00006EEB72
:1002C8000101B1F5801F1BD3B1F5001F0CD34908FC
:1002D8005FEA30004FEA3C0C04F101044FEA445253
:1002E80012F5800F80F09A80BCF1004F08BF5FEADA
:1002F800500C50F1000041EB045141EA050130BDBA
:100308005FEA4C0C404141EB0101013C28BFB1F5CB
:10031800801FE9D291F0000F04BF01460020B1FA16
:1003280081F308BF2033A3F10B03B3F120020CDAE9
:100338000C3208DD02F1140CC2F10C0201FA0CF0C7
:1003480021FA02F10CE002F11402D8BFC2F1200C2C
:1003580001FA02F120FA0CFCDCBF41EA0C019040E2
:10036800E41AA2BF01EB0451294330BD6FEA04042B
:100378001F3C1CDA0C340EDC04F11404C4F1200216
:1003880020FA04F001FA02F340EA030021FA04F328
:1003980045EA030130BDC4F10C04C4F1200220FA7F
:1003A80002F001FA04F340EA0300294630BD21FABD
:1003B80004F0294630BD94F0000F83F4801306BF83
:1003C80081F480110134013D4EE77FEA645C18BF77
:1003D8007FEA655C29D094EA050F08BF90EA020F0E
:1003E80005D054EA000C04BF1946104630BD91EA06
:1003F800030F1EBF0021002030BD5FEA545C05D109
:100408004000494128BF41F0004130BD14F5800447
:100418003CBF01F5801130BD01F0004545F0FE41BB
:1004280041F470014FF0000030BD7FEA645C1ABFF0
:10043800194610467FEA655C1CBF0B46024650EA27
:10044800013406BF52EA033591EA030F41F4002153
:1004580030BD00BF90F0000F04BF0021704730B5D9
:100468004FF4806404F132044FF000054FF00001AE
:1004780050E700BF90F0000F04BF0021704730B56F
:100488004FF4806404F1320410F0004548BF404244
:100498004FF000013EE700BF42004FEAE2014FEA99
:1004A80031014FEA02701FBF12F07F4393F07F4F74
:1004B80081F06051704732F07F4208BF704793F077
:1004C8007F4F04BF41F40021704730B54FF460748A
:1004D80001F0004521F000411CE700BF50EA01028D
:1004E80008BF704730B54FF000050AE050EA010236
:1004F80008BF704730B511F0004502D5404261EBA6
:1005080041014FF4806404F132045FEA915C3FF4E6
:10051800D8AE4FF003025FEADC0C18BF03325FEA83
:10052800DC0C18BF033202EBDC02C2F1200300FA34
:1005380003FC20FA02F001FA03FE40EA0E0021FA59
:1005480002F11444BDE600BF70B54FF0FF0C4CF447
:10055800E06C1CEA11541DBF1CEA135594EA0C0FF9
:1005680095EA0C0F00F0DEF82C4481EA030621EA34
:100578004C5123EA4C5350EA013518BF52EA03356F
:1005880041F4801143F4801338D0A0FB02CE4FF021
:100598000005E1FB02E506F00042E0FB03E54FF051
:1005A8000006E1FB03569CF0000F18BF4EF0010E49
:1005B800A4F1FF04B6F5007F64F5407404D25FEA45
:1005C8004E0E6D4146EB060642EAC62141EA5551F8
:1005D8004FEAC52040EA5E504FEACE2EB4F1FD0C3A
:1005E80088BFBCF5E06F1ED8BEF1004F08BF5FEAB8
:1005F800500E50F1000041EB045170BD06F000466A
:1006080046EA010140EA020081EA0301B4EB5C0416
:10061800C2BFD4EB0C0541EA045170BD41F480110E
:100628004FF0000E013C00F3AB8014F1360FDEBF33
:10063800002001F0004170BDC4F10004203C35DA0F
:100648000C341BDC04F11404C4F1200500FA05F392
:1006580020FA04F001FA05F240EA020001F0004233
:1006680021F0004110EBD37021FA04F642EB0601A9
:100678005EEA430E08BF20EAD37070BDC4F10C04D3
:10068800C4F1200500FA04F320FA05F001FA04F297
:1006980040EA020001F0004110EBD37041F1000183
:1006A8005EEA430E08BF20EAD37070BDC4F120058E
:1006B80000FA05F24EEA020E20FA04F301FA05F2F6
:1006C80043EA020321FA04F001F0004121FA04F29E
:1006D80020EA020000EBD3705EEA430E08BF20EA6E
:1006E800D37070BD94F0000F0FD101F000464000A8
:1006F80041EB010111F4801F08BF013CF7D041EA2A
:10070800060195F0000F18BF704703F0004652002D
:1007180043EB030313F4801F08BF013DF7D043EAFE
:100728000603704794EA0C0F0CEA135518BF95EAB4
:100738000C0F0CD050EA410618BF52EA4306D1D13B
:1007480081EA030101F000414FF0000070BD50EA5A
:10075800410606BF1046194652EA430619D094EAE4
:100768000C0F02D150EA013613D195EA0C0F05D1CE
:1007780052EA03361CBF104619460AD181EA030122
:1007880001F0004141F0FE4141F470014FF00000DA
:1007980070BD41F0FE4141F4780170BD70B54FF075
:1007A800FF0C4CF4E06C1CEA11541DBF1CEA1355F5
:1007B80094EA0C0F95EA0C0F00F0A7F8A4EB0504D7
:1007C80081EA030E52EA03354FEA013100F08880CE
:1007D8004FEA03334FF0805545EA131343EA126397
:1007E8004FEA022245EA111545EA10654FEA00264C
:1007F8000EF000419D4208BF964244F1FD0404F505
:10080800407402D25B084FEA3202B61A65EB030560
:100818005B084FEA32024FF480104FF4002CB6EB1D
:10082800020E75EB030E22BFB61A754640EA0C009D
:100838005B084FEA3202B6EB020E75EB030E22BFDD
:10084800B61A754640EA5C005B084FEA3202B6EB1E
:10085800020E75EB030E22BFB61A754640EA9C00DD
:100868005B084FEA3202B6EB020E75EB030E22BFAD
:10087800B61A754640EADC0055EA060E18D04FEA6B
:10088800051545EA16754FEA06164FEAC30343EA0B
:1008980052734FEAC2025FEA1C1CC0D111F4801FD8
:1008A8000BD141EA00014FF000004FF0004CB6E7D1
:1008B80011F4801F04BF01430020B4F1FD0C88BF70
:1008C800BCF5E06F3FF6AFAEB5EB030C04BFB6EB7B
:1008D800020C5FEA500C50F1000041EB045170BD6E
:1008E8000EF0004E4EEA113114EB5C04C2BFD4EB9B
:1008F8000C0541EA045170BD41F480114FF0000E1F
:10090800013C90E645EA060E8DE60CEA135594EA9A
:100918000C0F08BF95EA0C0F3FF43BAF94EA0C0F9D
:100928000AD150EA01347FF434AF95EA0C0F7FF412
:1009380025AF104619462CE795EA0C0F06D152EA66
:1009480003353FF4FDAE1046194622E750EA41064A
:1009580018BF52EA43067FF4C5AE50EA41047FF45B
:100968000DAF52EA43057FF4EBAE12E74FF0FF3CC0
:1009780006E000BF4FF0010C02E000BF4FF0010C91
:100988004DF804CD4FEA410C7FEA6C5C4FEA430C0A
:1009980018BF7FEA6C5C1BD001B050EA410C0CBF59
:1009A80052EA430C91EA030F02BF90EA020F0020BB
:1009B800704710F1000F91EA030F58BF994208BF22
:1009C80090422CBFD8176FEAE37040F001007047DF
:1009D8004FEA410C7FEA6C5C02D150EA013C07D136
:1009E8004FEA430C7FEA6C5CD6D152EA033CD3D081
:1009F8005DF8040B704700BF8446104662468C467B
:100A08001946634600E000BF01B5FFF7B7FF0028AD
:100A180048BF10F1000F01BD4DF808EDFFF7F4FFD6
:100A28000CBF012000205DF808FB00BF4DF808ED61
:100A3800FFF7EAFF34BF012000205DF808FB00BF84
:100A48004DF808EDFFF7E0FF94BF012000205DF8A6
:100A580008FB00BF4DF808EDFFF7CEFF94BF01205B
:100A680000205DF808FB00BF4DF808EDFFF7C4FF54
:100A780034BF012000205DF808FB00BF4FEA4102A7
:100A880012F5001215D211D56FF47873B3EB6252D8
:100A980012D94FEAC12343F0004343EA505311F0FF
:100AA800004F23FA02F018BF404270474FF0000091
:100AB800704750EA013005D111F0004008BF6FF0CF
:100AC800004070474FF00000704700BF4A0011D245
:100AD80012F5001211D20DD56FF47873B3EB625290
:100AE8000ED44FEAC12343F0004343EA505323FA9C
:100AF80002F070474FF00000704750EA013002D111
:100B08004FF0FF3070474FF0000070474FEA410246
:100B1800B2F1E04324BFB3F5001CDCF1FE5C0DD953
:100B280001F0004C4FEAC0024CEA5070B2F1004F9D
:100B380040EB830008BF20F00100704711F0804FA0
:100B480021D113F13872BCBF01F00040704741F465
:100B580080114FEA5252C2F11802C2F1200C10FA69
:100B68000CF320FA02F018BF40F001004FEAC1234D
:100B78004FEAD32303FA0CFC40EA0C0023FA02F3F1
:100B88004FEA4303CCE77FEA625307D150EA0133C7
:100B98001EBF4FF0FE4040F44000704701F0004097
:100BA80040F0FE4040F40000704700BF53B94AB916
:100BB800002908BF00281CBF4FF0FF314FF0FF305D
:100BC80000F00CB8ADF1080C6DE904CE0AF020FA7B
:100BD800DDF804E0DDE9022304B07047704700BF88
:100BE800034613F8012B002AFBD1181A0138704765
:100BF8000348044B834202D0034B03B118477047A4
:100C08005C0000205C000020000000000548064B46
:100C18001B1AD90F01EBA301491002D0034B03B1F2
:100C2800184770475C0000205C00002000000000AE
:100C380010B5064C237843B9FFF7DAFF044B13B11C
:100C48000448AFF300800123237010BD600000202A
:100C580000000000B0B5000808B5054B1BB10549F8
:100C68000548AFF30080BDE80840FFF7CFBF00BFDD
:100C78000000000064000020B0B5000880B485B012
:100C880000AF78607B681B6803F06003FB60FB685B
:100C9800002B04D17B681B6803F01003FB60FB6822
:100CA80018461437BD465DF8047B704780B483B09E
:100CB80000AF78607B681B6B18460C37BD465DF843
:100CC800047B704780B483B000AF786039607B687C
:100CD8001A6A3B681A437B681A6200BF0C37BD4624
:100CE8005DF8047B704780B483B000AF78603960EA
:100CF8007B681A6A3B68DB431A407B681A6200BF4C
:100D08000C37BD465DF8047B704780B483B000AFF4
:100D180078607B685B6C43F400427B685A6400BF70
:100D28000C37BD465DF8047B704780B483B000AFD4
:100D380078607B68DB6843F001027B68DA6000BF9B
:100D48000C37BD465DF8047B704780B483B000AFB4
:100D580078607B68DB6823F001027B68DA6000BF9B
:100D68000C37BD465DF8047B704780B483B000AF94
:100D780078607B68DB6803F00103012B01D1012354
:100D880000E0002318460C37BD465DF8047B704729
:100D980080B483B000AF78607B68DB6843F0020200
:100DA8007B68DA6000BF0C37BD465DF8047B70478E
:100DB80080B483B000AF78607B68DB6823F0020200
:100DC8007B68DA6000BF0C37BD465DF8047B70476E
:100DD80080B483B000AF78607B68DB6803F00203FF
:100DE800022B01D1012300E0002318460C37BD4631
:100DF8005DF8047B704780B483B000AF78607B688F
:100E0800DB6843F004027B68DA6000BF0C37BD463C
:100E18005DF8047B704780B483B000AF78607B686E
:100E2800DB6823F004027B68DA6000BF0C37BD463C
:100E38005DF8047B704780B483B000AF78607B684E
:100E4800DB6803F00403042B01D1012300E0002335
:100E580018460C37BD465DF8047B704780B483B0F4
:100E680000AF78607B68DB6843F008027B68DA6073
:100E780000BF0C37BD465DF8047B704780B483B073
:100E880000AF78607B68DB6823F008027B68DA6073
:100E980000BF0C37BD465DF8047B704780B483B053
:100EA80000AF78607B68DB6803F00803082B01D18A
:100EB800012300E0002318460C37BD465DF8047B8B
:100EC800704780B483B000AF78607B68DB6843F01C
:100ED80010027B68DA6000BF0C37BD465DF8047B02
:100EE800704780B483B000AF78607B68DB6823F01C
:100EF80010027B68DA6000BF0C37BD465DF8047BE2
:100F0800704780B483B000AF78607B68DB6803F01B
:100F18001003102B01D1012300E0002318460C37E1
:100F2800BD465DF8047B704780B483B000AF78603D
:100F38007B68DB6843F020027B68DA6000BF0C370F
:100F4800BD465DF8047B704780B483B000AF78601D
:100F58007B68DB6823F020027B68DA6000BF0C370F
:100F6800BD465DF8047B704780B483B000AF7860FD
:100F78007B68DB6803F02003202B01D1012300E00C
:100F8800002318460C37BD465DF8047B704780B4D3
:100F980083B000AF78607B68DB6843F040027B6811
:100FA800DA6000BF0C37BD465DF8047B704780B43B
:100FB80083B000AF78607B68DB6823F040027B6811
:100FC800DA6000BF0C37BD465DF8047B704780B41B
:100FD80083B000AF78607B68DB6803F04003402B88
:100FE80001D1012300E0002318460C37BD465DF807
:100FF800047B704780B483B000AF78607B68DB689F
:1010080043F080027B68DA6000BF0C37BD465DF8AC
:10101800047B704780B483B000AF78607B68DB687E
:1010280023F080027B68DA6000BF0C37BD465DF8AC
:10103800047B704780B483B000AF78607B68DB685E
:1010480003F08003802B01D1012300E00023184620
:101058000C37BD465DF8047B704780B483B000AFA1
:1010680078607B68DB6843F400027B68DA6000BF65
:101078000C37BD465DF8047B704780B483B000AF81
:1010880078607B68DB6823F400027B68DA6000BF65
:101098000C37BD465DF8047B704780B483B000AF61
:1010A80078607B68DB6803F40003B3F5000F01D1B7
:1010B800012300E0002318460C37BD465DF8047B89
:1010C800704780B483B000AF78607B68DB6843F416
:1010D80080027B68DA6000BF0C37BD465DF8047B90
:1010E800704780B483B000AF78607B68DB6823F416
:1010F80080027B68DA6000BF0C37BD465DF8047B70
:10110800704780B483B000AF78607B68DB6803F415
:101118008003B3F5800F01D1012300E000231846B6
:101128000C37BD465DF8047B704780B483B000AFD0
:1011380078607B68DB6843F400127B68DA6000BF84
:101148000C37BD465DF8047B704780B483B000AFB0
:1011580078607B68DB6823F400127B68DA6000BF84
:101168000C37BD465DF8047B704780B483B000AF90
:1011780078607B68DB6803F40013B3F5001F01D1C6
:10118800012300E0002318460C37BD465DF8047BB8
:10119800704780B483B000AF78607B68DB6843F445
:1011A80080127B68DA6000BF0C37BD465DF8047BAF
:1011B800704780B483B000AF78607B68DB6823F445
:1011C80080127B68DA6000BF0C37BD465DF8047B8F
:1011D800704780B483B000AF78607B68DB6803F445
:1011E8008013B3F5801F01D1012300E000231846C6
:1011F8000C37BD465DF8047B704780B582B000AF00
:1012080078600B467B807B8803F00103002B0CD0B1
:101218007B681B681846FFF7DAFE0346012B04D0EB
:101228007B681B681846FFF7B2FE7B8803F0020351
:10123800002B0CD07B681B681846FFF7C9FD0346D6
:10124800012B04D07B681B681846FFF7A1FD7B883B
:1012580003F00403002B0CD07B681B681846FFF7CB
:10126800EAFD0346012B04D07B681B681846FFF78C
:10127800C2FD7B8803F00803002B0CD07B681B6839
:101288001846FFF70BFE0346012B04D07B681B684A
:101298001846FFF7E3FD7B8803F01003002B0CD002
:1012A8007B681B681846FFF72CFE0346012B04D009
:1012B8007B681B681846FFF704FE7B8803F0200351
:1012C800002B0CD07B681B681846FFF74EFD0346C1
:1012D800012B04D07B681B681846FFF726FD7B8826
:1012E80003F04003002B0CD07B681B681846FFF7FF
:1012F800A1FE0346012B04D07B681B681846FFF744
:1013080079FE7B8803F08003002B0CD07B681B6878
:101318001846FFF729FE0346012B04D07B681B689B
:101328001846FFF701FE7B8803F48073002B0CD06E
:101338007B681B681846FFF74CFF0346012B04D057
:101348007B681B681846FFF724FF7B8803F400734B
:10135800002B0CD07B681B681846FFF706FF034676
:10136800012B04D07B681B681846FFF7DEFE7B88DC
:1013780003F48063002B0CD07B681B681846FFF7CA
:101388008CFE0346012B04D07B681B681846FFF7C8
:1013980064FE7B8803F40063002B0CD07B681B6819
:1013A8001846FFF7AEFE0346012B04D07B681B6886
:1013B8001846FFF786FE00BF0837BD4680BD80B5DA
:1013C80082B000AF78600B467B807B8803F0010316
:1013D800002B0CD07B681B681846FFF7F8FD034606
:1013E800012B04D17B681B681846FFF7E0FD7B885A
:1013F80003F00203002B0CD07B681B681846FFF72C
:10140800E7FC0346012B04D17B681B681846FFF7ED
:10141800CFFC7B8803F00403002B0CD07B681B688F
:101428001846FFF708FD0346012B04D17B681B68AB
:101438001846FFF7F0FC7B8803F00803002B0CD05C
:101448007B681B681846FFF729FD0346012B04D16A
:101458007B681B681846FFF711FD7B8803F01003B3
:10146800002B0CD07B681B681846FFF74AFD034623
:10147800012B04D17B681B681846FFF732FD7B8877
:1014880003F02003002B0CD07B681B681846FFF77D
:101498006CFC0346012B04D07B681B681846FFF7D9
:1014A80054FC7B8803F04003002B0CD07B681B683E
:1014B8001846FFF7BFFD0346012B04D17B681B6864
:1014C8001846FFF7A7FD7B8803F08003002B0CD09C
:1014D8007B681B681846FFF747FD0346012B04D1BC
:1014E8007B681B681846FFF72FFD7B8803F4807321
:1014F800002B0CD07B681B681846FFF76AFE034672
:10150800012B04D17B681B681846FFF752FE7B88C5
:1015180003F40073002B0CD07B681B681846FFF798
:1015280024FE0346012B04D17B681B681846FFF78D
:101538000CFE7B8803F48063002B0CD07B681B684F
:101548001846FFF7AAFD0346012B04D17B681B68E8
:101558001846FFF792FD7B8803F40063002B0CD03C
:101568007B681B681846FFF7CCFD0346012B04D1A6
:101578007B681B681846FFF7B4FD00BF0837BD46F7
:1015880080BD000080B582B000AF78600B46FB706C
:10159800FB78022B06D17B681B6801211846FFF7F0
:1015A80091FB36E07B681B681C4A934218D07B6825
:1015B8001B681B4A934213D07B681B68194A9342E5
:1015C8000ED07B681B68184A934209D07B681B6859
:1015D800164A934204D07B681B68154A934218D177
:1015E800FB78032B06D17B681B6804211846FFF79C
:1015F80069FB0EE0FB78042B0BD17B681B6801218B
:101608001846FFF75FFB7B681B6804211846FFF745
:1016180059FB00BF0837BD4680BD00BF002C014004
:1016280000340140004001400044014000480140AE
:101638000050014080B582B000AF78600B46FB7067
:10164800FB78022B06D17B681B6801211846FFF73F
:101658004AFB36E07B681B681C4A934218D07B68BB
:101668001B681B4A934213D07B681B68194A934234
:101678000ED07B681B68184A934209D07B681B68A8
:10168800164A934204D07B681B68154A934218D1C6
:10169800FB78032B06D17B681B6804211846FFF7EB
:1016A80022FB0EE0FB78042B0BD17B681B68012121
:1016B8001846FFF718FB7B681B6804211846FFF7DC
:1016C80012FB00BF0837BD4680BD00BF002C01409B
:1016D80000340140004001400044014000480140FE
:1016E8000050014080B582B000AF78600B46FB70B7
:1016F800FB78022B06D17B681B6810211846FFF780
:10170800E1FA36E07B681B681C4A934218D07B6874
:101718001B681B4A934213D07B681B68194A934283
:101728000ED07B681B68184A934209D07B681B68F7
:10173800164A934204D07B681B68154A934218D115
:10174800FB78032B06D17B681B6840211846FFF7FE
:10175800B9FA0EE0FB78042B0BD17B681B681021CB
:101768001846FFF7AFFA7B681B6840211846FFF759
:10177800A9FA00BF0837BD4680BD00BF002C014054
:10178800003401400040014000440140004801404D
:101798000050014080B582B000AF78600B46FB7006
:1017A800FB78022B06D17B681B6810211846FFF7CF
:1017B8009AFA36E07B681B681C4A934218D07B680B
:1017C8001B681B4A934213D07B681B68194A9342D3
:1017D8000ED07B681B68184A934209D07B681B6847
:1017E800164A934204D07B681B68154A934218D165
:1017F800FB78032B06D17B681B6840211846FFF74E
:1018080072FA0EE0FB78042B0BD17B681B68102161
:101818001846FFF768FA7B681B6840211846FFF7EF
:1018280062FA00BF0837BD4680BD00BF002C0140EA
:10183800003401400040014000440140004801409C
:101848000050014080B582B000AF78600B46FB7055
:10185800FB78022B07D17B681B684FF48051184630
:10186800FFF730FA39E07B681B681E4A934218D0AC
:101878007B681B681C4A934213D07B681B681B4A11
:1018880093420ED07B681B68194A934209D07B6843
:101898001B68184A934204D07B681B68164A934217
:1018A8001BD1FB78032B07D17B681B684FF4804161
:1018B8001846FFF707FA10E0FB78042B0DD17B6878
:1018C8001B684FF480511846FFF7FCF97B681B68CA
:1018D8004FF480411846FFF7F5F900BF0837BD46B9
:1018E80080BD00BF002C0140003401400040014091
:1018F80000440140004801400050014080B582B0DA
:1019080000AF78600B46FB70FB78022B07D17B6831
:101918001B684FF480511846FFF7E5F939E07B68FA
:101928001B681E4A934218D07B681B681C4A934266
:1019380013D07B681B681B4A93420ED07B681B68D8
:10194800194A934209D07B681B68184A934204D00D
:101958007B681B68164A93421BD1FB78032B07D17F
:101968007B681B684FF480411846FFF7BCF910E00C
:10197800FB78042B0DD17B681B684FF48051184607
:10198800FFF7B1F97B681B684FF480411846FFF7F1
:10199800AAF900BF0837BD4680BD00BF002C014032
:1019A800003401400040014000440140004801402B
:1019B8000050014080B584B000AF78600023FB6020
:1019C8007B681B683C4A934202D13C4BFB6006E0B3
:1019D8007B681B683A4A934201D13A4BFB607B68AB
:1019E8001A68FB681A60FB681B681846FFF746F917
:1019F800B860BB68002B06D0BB68102B03D0FB680F
:101A080001221A7102E0FB6800221A71FB681B6848
:101A18002D4A934218D0FB681B682C4A934213D076
:101A2800FB681B682A4A93420ED0FB681B68294A48
:101A3800934209D0FB681B68274A934204D0FB688D
:101A48001B68264A934204D1FB681B681846FFF7B7
:101A58005CF9FB681B681C4A934218D0FB681B683A
:101A68001A4A934213D0FB681B68194A93420ED056
:101A7800FB681B68174A934209D0FB681B68164A23
:101A8800934204D0FB681B68144A934208D17B68D0
:101A98001B681846FFF70AF90346DAB2FB685A7161
:101AA800FB6800229A71FB680022DA71FB6818460D
:101AB8001037BD4680BD00BF000400407C000020F8
:101AC8000008004008010020002C014000340140BB
:101AD80000400140004401400048014000500140DE
:101AE80080B485B000AF786039607B68FB60074AD6
:101AF8003B6813441B781A46FB6813445B689BB227
:101B080018461437BD465DF8047B7047CCB500080D
:101B180080B485B000AF786039607B685B6B3A68E9
:101B28001344FB607B685A6B7B689B6B9A4204D2B8
:101B38007B689B6BFA689A4212D27B685A6B7B6807
:101B48009B6B9A420ED37B689B6AFA689A4209D3C8
:101B58007B689B6AFA68D21A7B689B6B9A4201D3AE
:101B6800012300E00023DBB218461437BD465DF8B8
:101B7800047B704780B586B000AFF860B9607A60C2
:101B88003B607968F868FFF7C3FF0346002B21D054
:101B98003B68002B1CD007F0FDFF786100BF796817
:101BA800F868FFF7B5FF0346002B07D001217869D5
:101BB80005F04CFF02463B689342F0D20121786958
:101BC80005F044FF02463B68934203D2012347E0F5
:101BD800012345E0FB685A6B7B681A44FB689B6AE3
:101BE8009A4223D9FB689A6AFB685B6BD31A3B61FC
:101BF800FB681A6AFB685B6B13443A69B968184654
:101C080009F07AFCFB685A6B7B681A44FB689B6A8C
:101C1800D21AFB685A63FB68186A3B69BA68D1181C
:101C2800FB685B6B1A4609F067FC0FE0FB681A6AF1
:101C3800FB685B6B13447A68B968184609F05CFC6A
:101C4800FB685A6B7B681A44FB685A63FB685A6BDB
:101C5800FB689B6A9A4202D1FB6800225A63002300
:101C680018461837BD4680BD80B586B000AF78608D
:101C78007B6893F83C30FB737B689B7D03F004031F
:101C8800002B03D07B681B6B7B610DE07B685A6877
:101C98007B681B7C19461046FFF722FFB8607B68FB
:101CA8005A6ABB68D31A7B617B685B6A7A699A4215
:101CB80001D100237B61FB7B012B14D17B689B7DC9
:101CC80003F01003002B0ED07B68DB6A7A699A4216
:101CD80009D97B681B8B43F020039AB27B681A836F
:101CE8007B687A69DA627B68DB6A7A699A4205D925
:101CF8007B68DB6A7A69D31A3B6116E07B68DB6A2A
:101D08007A699A4208D27B685A6A7B68DB6AD31A76
:101D18007A6913443B6108E0FB7B012B03D17B68A4
:101D28005B6A3B6101E000233B613B691846183759
:101D3800BD4680BD80B588B000AFF860B9607A60F4
:101D48000023BB61F868FFF78FFF0246BB68934228
:101D580015D97B68002B12D007F01CFF786100BFF3
:101D6800F868FFF781FF0246BB68934207D9012153
:101D7800786905F06BFE02467B689342F0D2F868FA
:101D8800FFF772FFB861BA69BB689A4202D2BB69B1
:101D9800FB6101E0BB68FB61FB6918462037BD4663
:101DA80080BD000080B586B000AFF860B9607A6089
:101DB8003B603B6800221A600023FB82FB68DA6AFA
:101DC8007B681A44FB685B6A9A4227D9FB685A6A9F
:101DD800FB68DB6AD31A3B61FB68DA69FB68DB6A7C
:101DE80013443A691946B86809F086FBFB68DA6A51
:101DF8007B681A44FB685B6AD21AFB68DA623B6943
:101E0800BA68D018FB68D969FB68DB6A1A4609F01A
:101E180073FBFB68002283F83C200FE0FB68DA695B
:101E2800FB68DB6A13447A681946B86809F064FBF2
:101E3800FB68DA6A7B681A44FB68DA62FB68DA6A6C
:101E4800FB685B6A9A4206D1FB680022DA62FB688B
:101E5800002283F83C20FB681B68084A934204D19F
:101E6800F86800F0C1FD0346FB823B687A681A6097
:101E7800FB8A18461837BD4680BD00BF0080004069
:101E880080B400AF044BDB681B0A03F00703184655
:101E9800BD465DF8047B704700ED00E080B483B078
:101EA80000AF0346FB7197F90730002B0BDBFB797A
:101EB80003F01F02074997F907305B09012000FA70
:101EC80002F241F8232000BF0C37BD465DF8047BC1
:101ED800704700BF00E100E080B483B000AF034664
:101EE8003960FB7197F90730002B0ADB3B68DAB2DF
:101EF8000C4997F907301201D2B20B4483F800233A
:101F08000AE03B68DAB20849FB7903F00F03043BA7
:101F18001201D2B20B441A7600BF0C37BD465DF8E9
:101F2800047B704700E100E000ED00E080B489B078
:101F380000AFF860B9607A60FB6803F00703FB61E3
:101F4800FB69C3F10703042B28BF0423BB61FB69AA
:101F58000433062B02D9FB69033B00E000237B61B5
:101F68004FF0FF32BB6902FA03F3DA43BB681A4049
:101F78007B699A404FF0FF317B6901FA03F3D9433B
:101F88007B680B40134318462437BD465DF8047B35
:101F98007047000080B485B000AF786039607B6816
:101FA800FB600C4A3B6813441B781A46FB681344D1
:101FB8001B6808493A680A4412781146FA680A44C4
:101FC80043F00103136000BF1437BD465DF8047B7E
:101FD800704700BFD4B5000880B487B000AFF86080
:101FE800B9607A60FB687B610D4ABB6813441B7853
:101FF8001A467B6913445B681B0C1B040849BA68C2
:102008000A44127811467A690A4411467A681343D9
:102018004B6000BF1C37BD465DF8047B704700BFAE
:10202800D4B5000880B487B000AFF860B9607A60B2
:102038003B60FB687B613B6A102B14D1174ABB6875
:1020480013441B781A467B6913441A467B68D3608D
:10205800124ABB6813441B781A467B6913441A4614
:102068003B68936013E00D4ABB6813441B781A461B
:102078007B6913441A467B689360084ABB6813441B
:102088001B781A467B6913441A463B68D36000BF25
:102098001C37BD465DF8047B704700BFD4B5000807
:1020A80080B485B000AF786039607B68FB600C4A0B
:1020B8003B6813441B781A46FB6813441B6808499D
:1020C8003A680A4412781146FA680A4443F002034F
:1020D800136000BF1437BD465DF8047B704700BF2E
:1020E800D4B5000880B485B000AF786039607B68EB
:1020F800FB600C4A3B6813441B781A46FB68134480
:102108001B6808493A680A4412781146FA680A4472
:1021180023F00203136000BF1437BD465DF8047B4B
:10212800704700BFD4B5000880B483B000AF7860B2
:102138007B681B6843F001027B681A6000BF0C379C
:10214800BD465DF8047B704780B483B000AF78600B
:102158007B681B6823F001027B681A6000BF0C379C
:10216800BD465DF8047B704780B483B000AF7860EB
:102178007B681B6803F00103012B01D1012300E0F8
:10218800002318460C37BD465DF8047B704780B4C1
:1021980083B000AF78607B68DB6903F00103012B33
:1021A80001D1012300E0002318460C37BD465DF835
:1021B800047B704780B483B000AF78607B68DB69CC
:1021C80003F00203022B01D1012300E0002318468B
:1021D8000C37BD465DF8047B704780B483B000AF10
:1021E80078607B68DB6903F00403042B01D10123C9
:1021F80000E0002318460C37BD465DF8047B7047A5
:1022080080B483B000AF78607B68DB6903F00803B3
:10221800082B01D1012300E0002318460C37BD46E6
:102228005DF8047B704780B483B000AF78607B684A
:10223800DB6903F02003202B01D1012300E00023F8
:1022480018460C37BD465DF8047B704780B483B0F0
:1022580000AF78607B68DB6903F08003802B01D1D5
:10226800012300E0002318460C37BD465DF8047BC7
:10227800704780B483B000AF78607B6801221A622F
:1022880000BF0C37BD465DF8047B704780B483B04F
:1022980000AF78607B6802221A6200BF0C37BD4627
:1022A8005DF8047B704780B483B000AF78607B68CA
:1022B80004221A6200BF0C37BD465DF8047B7047E4
:1022C80080B483B000AF78607B6808221A6200BFD0
:1022D8000C37BD465DF8047B704780B489B000AF09
:1022E80078607B68FB60FB6853E8003FBB60BB68B5
:1022F80043F02003FB617B68FA69BA617B61796905
:10230800BA6941E800233B613B69002BE9D100BF72
:1023180000BF2437BD465DF8047B704780B489B0A0
:1023280000AF78607B68FB60FB6853E8003FBB60E8
:10233800BB6843F08003FB617B68FA69BA617B6123
:102348007969BA6941E800233B613B69002BE9D10F
:1023580000BF00BF2437BD465DF8047B704780B4DA
:1023680089B000AF78607B68FB60FB6853E8003F8A
:10237800BB60BB6843F48073FB617B68FA69BA6130
:102388007B617969BA6941E800233B613B69002BAD
:10239800E9D100BF00BF2437BD465DF8047B704714
:1023A80080B489B000AF78607B680833FB60FB6855
:1023B80053E8003FBB60BB6843F00103FB617B68E7
:1023C8000833FA69BA617B617969BA6941E800231F
:1023D8003B613B69002BE7D100BF00BF2437BD46F6
:1023E8005DF8047B704780B489B000AF78607B6883
:1023F800FB60FB6853E8003FBB60BB6823F0200329
:10240800FB617B68FA69BA617B617969BA6941E8FD
:1024180000233B613B69002BE9D100BF00BF243793
:10242800BD465DF8047B704780B489B000AF786022
:102438007B68FB60FB6853E8003FBB60BB6823F028
:102448008003FB617B68FA69BA617B617969BA6963
:1024580041E800233B613B69002BE9D100BF00BF85
:102468002437BD465DF8047B704780B489B000AF5F
:1024780078607B68FB60FB6853E8003FBB60BB6823
:1024880023F48073FB617B68FA69BA617B617969BF
:10249800BA6941E800233B613B69002BE9D100BFE1
:1024A80000BF2437BD465DF8047B704780B489B00F
:1024B80000AF78607B680833FB60FB6853E8003F37
:1024C800BB60BB6823F00103FB617B680833FA69D2
:1024D800BA617B617969BA6941E800233B613B696C
:1024E800002BE7D100BF00BF2437BD465DF8047B51
:1024F800704780B489B000AF78607B680833FB60B0
:10250800FB6853E8003FBB60BB6843F04003FB61D6
:102518007B680833FA69BA617B617969BA6941E80D
:1025280000233B613B69002BE7D100BF00BF243784
:10253800BD465DF8047B704780B489B000AF786011
:102548007B680833FB60FB6853E8003FBB60BB68EF
:1025580023F04003FB617B680833FA69BA617B6149
:102568007969BA6941E800233B613B69002BE7D1EF
:1025780000BF00BF2437BD465DF8047B704780B4B8
:1025880089B000AF78607B680833FB60FB6853E86C
:10259800003FBB60BB6843F08003FB617B68083386
:1025A800FA69BA617B617969BA6941E800233B61DC
:1025B8003B69002BE7D100BF00BF2437BD465DF85B
:1025C800047B704780B489B000AF78607B680833BB
:1025D800FB60FB6853E8003FBB60BB6823F08003E7
:1025E800FB617B680833FA69BA617B617969BA690A
:1025F80041E800233B613B69002BE7D100BF00BFE6
:102608002437BD465DF8047B704780B485B000AFC1
:10261800786039603B68002B03D17B682833FB6006
:1026280002E07B682433FB60FB6818461437BD461C
:102638005DF8047B704780B483B000AF78607B6836
:102648005B6ADBB218460C37BD465DF8047B704701
:1026580080B483B000AF78600B46FB70FA787B6873
:102668009A6200BF0C37BD465DF8047B704790B591
:1026780085B000AF78607B681B681846FFF7D3FD0C
:102688000346DBB2002B08D17B681B681846FFF7AE
:10269800B7FD0346DBB2002B01D0012300E0002385
:1026A800FB73FB7B012B42D17B6893F83C30012BF9
:1026B8001AD17B681A6B7B68DB6A9A4214D17B68F3
:1026C800DB6A5A1C7B68DA627B68DA6A7B685B6A59
:1026D8009A4202D17B680022DA627B681B8B43F046
:1026E80020039AB27B681A83786800F025F87B6823
:1026F80019687B68DA697B681B6BD4180846FFF792
:102708009AFF034623707B681B6B5A1C7B685B6AC5
:102718009A4207D17B6800221A637B68012283F8FA
:102728003C2004E07B681B6B5A1C7B681A63FB7BAC
:1027380018461437BD4690BD80B584B000AF7860A8
:102748000023FB737B681B681846FFF759FD034697
:10275800012B08D17B681B8B43F002039AB27B687C
:102768001A830123FB737B681B681846FFF722FD59
:102778000346012B08D17B681B8B43F008039AB2F0
:102788007B681A830123FB737B681B681846FFF775
:1027980024FD0346012B08D17B681B8B43F01003F3
:1027A8009AB27B681A830123FB737B681B681846FF
:1027B800FFF7EDFC0346012B08D17B681B8B43F028
:1027C80004039AB27B681A830123FB73FB7B012BFA
:1027D80028D17B681B7D012B10D17B689B7D03F082
:1027E8000403002B05D07B681B681846FFF7FBFD28
:1027F80004E07B681B681846FFF79EFE7B681B6831
:102808001846FFF736FD7B681B681846FFF758FD2A
:102818007B681B681846FFF739FD7B681B681846FC
:10282800FFF741FD00BF1037BD4680BD80B584B0BD
:1028380000AF78607B681B681846FFF707FD034602
:10284800FB73FB7B012B29D17B689A6B7B685B6BE5
:102858009A421BD07B6818687B681A6A7B689B6BF6
:1028680013441B781946FFF7F3FE7B689B6B5A1CD1
:102878007B689B6A9A4203D17B6800229A630DE0C9
:102888007B689B6B5A1C7B689A6307E07B681B68B4
:102898001846FFF7C9FD7B6800229A74FB7B18462F
:1028A8001037BD4680BD000080B500AF0348FFF774
:1028B800DEFE0248FFF7BAFF00BF80BD940100208A
:1028C800B0B584B002AF78607B681B681846FFF724
:1028D8004BFC0346012B46D17B681B681846FFF763
:1028E80033FC7B685C687B681B7C1D467B681B68C7
:1028F80001211846FFF789FE02467B68DB69194605
:10290800002300930B4629462046FFF78BFB7B6884
:1029180058687B681B7C19467B685B6A1A46FFF718
:102928005BFB7B685A687B681B7C19461046FFF77F
:10293800B7FB7B681B681846FFF7DBFD7B681B68E5
:102948009A687B681B6842F040029A607B685A6804
:102958007B681B7C19461046FFF71CFB7B681B68CD
:102968001846FFF7E1FB00BF0837BD46B0BDF0B51C
:1029780085B002AF78607B681B681846FFF7F4FBE8
:102988000346012B2CD17B681B681846FFF7DCFB3C
:102998007B689C687B685B7C1D467B681B6A1E465F
:1029A8007B681B6800211846FFF72FFE034610229C
:1029B8000092324629462046FFF734FB7B689A6826
:1029C8007B685B7C19461046FFF76AFB7B681B68CF
:1029D8001846FFF7D4FD7B681B681846FFF7A4FB71
:1029E80000BF0C37BD46F0BD80B584B000AF78603D
:1029F8000023FB817B681B8B03F02003002B0AD08C
:102A0800FB8943F02003FB817B681B8B23F02003A9
:102A18009AB27B681A837B681B7D002B08D17B6880
:102A28001A8BFB891343FB817B6800221A833AE0E7
:102A38007B681B7D012B36D17868FFF715F90346B3
:102A4800002B30D17B681B8B002B2CD07B681A8B1A
:102A5800FB891343FB817B6800221A837B689B7D7B
:102A680003F00403002B0FD07B681B681846FFF7A0
:102A7800E2FD7B681B681846FFF722FC7B681B6831
:102A88001846FFF72AFC0EE07B681B681846FFF71C
:102A9800D2FD7B681B681846FFF712FC7B681B6831
:102AA8001846FFF726FDFB8918461037BD4680BD3E
:102AB80080B584B000AF78607B681B681A46564BB7
:102AC8009A4212D1554BFB60FFF7DAF90346002210
:102AD80000211846FFF72AFA034619465B20FFF73C
:102AE800FBF95B20FFF7DAF902E00023FB6000BF87
:102AF800FB68002B00F08B80FB685A7D7B685B7D50
:102B08001343DAB2FB685A75FB689A7D7B689B7D34
:102B18001343DAB2FB689A757B681A68FB681A6017
:102B2800FB6800221A83FB6800225A837B685B7D5E
:102B380003F00103002B3CD07B685A6AFB685A6299
:102B48007B68DA69FB68DA61FB680022DA62FB6895
:102B580000221A637B681A7DFB681A75FB680022DD
:102B680083F83C20FB689B7D03F01003002B15D0F5
:102B78007B685A68FB685A607B681A7CFB681A7421
:102B8800F868FFF79DFEFB681B681846FFF708FC0E
:102B9800FB681B681846FFF7E2FB0AE0FB689B7DB1
:102BA80003F00403002B04D0FB681B681846FFF7EA
:102BB80094FB7B685B7D03F00203002B27D07B68C6
:102BC8009A6AFB689A627B681A6AFB681A62FB68F1
:102BD80000225A63FB6800229A63FB6800229A74F9
:102BE800FB680022DA74FB689B7D03F02003002B4E
:102BF8000DD07B689A68FB689A607B685A7CFB6892
:102C08005A74FB680022DA60F868FFF7B0FEFB68C8
:102C180018461037BD4680BD008000409401002052
:102C280080B586B000AFF860B9607A603B603B68F9
:102C380000221A60FB685B8B03F48073002B02D0C0
:102C48004FF4807316E0FB685B8B43F480739AB291
:102C5800FB685A833B687A68B968F868FFF7A2F896
:102C68000346FB82FB685B8B23F480739AB2FB6894
:102C78005A83FB8A18461837BD4680BD80B584B094
:102C880000AFF860B9607A603B60BB6900221A60E7
:102C9800FB685B8B03F08003002B01D0802353E09B
:102CA8007B68002B4FD0FB685B8B43F080039AB2A4
:102CB800FB685A833B687A68B968F868FEF75AFF78
:102CC8000346012B08D1FB685B8B23F080039AB283
:102CD800FB685A83402337E0FB689B7C002B28D194
:102CE800FB681868FB681A6AFB689B6B13441B78BF
:102CF8001946FFF7ADFCFB689B6B5A1CFB689B6A87
:102D08009A4203D1FB6800229A6304E0FB689B6B3C
:102D18005A1CFB689A63FB689A6BFB685B6B9A4268
:102D280007D0FB6801229A74FB681B681846FFF7F6
:102D3800F5FABB697A681A60FB685B8B23F080033D
:102D48009AB2FB685A83002318461037BD4680BDE7
:102D580080B582B000AF78607B681B681846FFF7C3
:102D6800F3F97B689B7D03F02003002B0DD07B6873
:102D78009A687B685B7C19461046FFF7B3F97B6855
:102D88001B681846FFF71EFC0AE07B689B7D03F072
:102D98000803002B04D07B681B681846FFF744FB28
:102DA8007B689B7D03F01003002B17D07B681B68A2
:102DB8001846FFF77BFB7B681B681846FFF755FB37
:102DC8007B685A687B681B7C19461046FFF78AF9AE
:102DD8007B681B681846FFF7AFFB0AE07B689B7DA2
:102DE80003F00403002B04D07B681B681846FFF728
:102DF800FAFA00BF0837BD4680BD80B483B000AF83
:102E080078607B681B6843F001027B681A6000BF2A
:102E18000C37BD465DF8047B704780B483B000AFC3
:102E280078607B681B6823F001027B681A6000BF2A
:102E38000C37BD465DF8047B704780B483B000AFA3
:102E4800786039607B681B6823F004023B681A438A
:102E58007B681A6000BF0C37BD465DF8047B70477D
:102E680080B483B000AF78607B681B6803F004030C
:102E780018460C37BD465DF8047B704780B483B0B4
:102E880000AF78607B68DB6A18460C37BD465DF892
:102E9800047B704780B483B000AF786039607B688A
:102EA8003A681A6300BF0C37BD465DF8047B70476B
:102EB80080B483B000AF786039607B683A685A6341
:102EC80000BF0C37BD465DF8047B704780B483B003
:102ED80000AF786039607B683A689A6300BF0C3746
:102EE800BD465DF8047B704780B483B000AF78605E
:102EF80039607B683A681A6400BF0C37BD465DF8D4
:102F0800047B704780B483B000AF78607B685B6BEC
:102F180018460C37BD465DF8047B704780B483B013
:102F280000AF78607B689B6B18460C37BD465DF830
:102F3800047B704780B483B000AF78607B681B6CFB
:102F480018460C37BD465DF8047B704780B483B0E3
:102F580000AF78607B685B6943F001027B685A6167
:102F680000BF0C37BD465DF8047B704780B483B062
:102F780000AF78607B681B6918460C37BD465DF862
:102F8800047B704780B483B000AF786039607B6899
:102F98003A689A6100BF0C37BD465DF8047B7047FC
:102FA80080B483B000AF786039607B683A689A6211
:102FB80000BF0C37BD465DF8047B704780B584B010
:102FC80000AF786087ED000AD7ED007AF5EEC07A99
:102FD800F1EE10FA03D54FF000033B600AE0D7ED9D
:102FE800007A9FED167AF4EEC77AF1EE10FA01DD59
:102FF800134B3B607B681B681846FFF73FFFF86080
:103008007B681B79002B0CBF01230023DBB21A4617
:10301800FB68134407EE903AB8EE677AD7ED007A6A
:1030280027EE277ADFED056AC7EE267AFCEEE77A07
:1030380017EE903A18461037BD4680BD0000C842CA
:103048000000C84280B582B000AF786039607B6804
:103058001B681846FFF756FF02463B68934205D0A7
:103068007B681B6839681846FFF722FF00BF0837DE
:10307800BD4680BD80B582B000AF786039607B689E
:103088001B681846FFF74AFF02463B68934205D083
:103098007B681B6839681846FFF718FF00BF0837B8
:1030A800BD4680BD80B582B000AF786039607B686E
:1030B8001B681846FFF73EFF02463B68934205D05F
:1030C8007B681B6839681846FFF70EFF00BF083792
:1030D800BD4680BD80B584B000AF786087ED000A3A
:1030E80097ED000A7868FFF769FFF860F968786873
:1030F800FFF7A8FF00BF1037BD4680BD80B584B07C
:1031080000AF786087ED000A97ED000A7868FFF74E
:1031180055FFF860F9687868FFF7ACFF00BF103713
:10312800BD4680BD80B584B000AF786087ED000AE9
:1031380097ED000A7868FFF741FFF860F96878684A
:10314800FFF7B0FF00BF1037BD4680BD80B485B023
:1031580000AF78607B681B689A68074B1340FB6078
:10316800FB68062B0CBF01230023DBB2184614377B
:10317800BD465DF8047B70470700010080B584B048
:1031880000AF78600B46FB707B681B681846FFF73A
:1031980067FEF860FB78002B23D07B681B68374AF2
:1031A800934218D07B681B68354A934213D07B68DA
:1031B8001B68344A93420ED07B681B68324A93429C
:1031C80009D07B681B68314A934204D07B681B682E
:1031D8002F4A934205D17B681B6800211846FFF7E8
:1031E80059FEFB68042B11D07B681B680421184624
:1031F800FFF723FE7B681B681846FFF7A7FE7B686E
:103208001B68F9681846FFF718FE04E07B681B681E
:103218001846FFF79BFE7B681B681846FFF7EDFD15
:10322800FB78002B25D07B681B68144A934218D082
:103238007B681B68124A934213D07B681B68114A4B
:1032480093420ED07B681B680F4A934209D07B6873
:103258001B680E4A934204D07B681B680C4A934251
:1032680007D17B681A687B685B7919461046FFF7B7
:1032780011FE00BF1037BD4680BD00BF002C0140C5
:103288000034014000400140004401400048014032
:103298000050014080B582B000AF78607B681B6841
:1032A8001846FFF7BAFD00BF0837BD4680BD80B598
:1032B80084B000AF78603960142008F007F803463E
:1032C8001A467B681A607B681B68BB60BB68002273
:1032D8001A60BB683A68DA603B689B00184607F0DA
:1032E800F5FF03461A46BB685A60BB6800229A601D
:1032F800BB6801221A740023FB6009E0BB685A68A6
:10330800FB689B00134400221A60FB680133FB60D2
:10331800FA683B689A42F1DB00BF00BF1037BD4630
:1033280080BD80B586B000AF786039603B68002BFF
:1033380001DA00233B6001233B6100237B610CE041
:103348007B685A687B699B0013441A683B6902FBD7
:1033580003F33B617B6901337B617B68DB687A69D6
:103368009A42EDDB7B689B683A699A423ADD7B6852
:103378009B687B617B690F2B0DDC10237B610AE066
:103388007B69B3F1804F03DB6FF000437B6102E0A0
:103398007B695B007B617A693B699A42F0DB7B69F8
:1033A800184607F093FF0346FB607B681B68002BF9
:1033B8000FD07B681B683A681946F86808F09CF8D3
:1033C8007B681B7C002B04D07B681B68184607F0C1
:1033D80085FF7B68FA681A607B687A699A607B68FF
:1033E80001221A7400BF1837BD4680BD80B588B069
:1033F80000AFF860B9607A603B60BB6A5B681B68C5
:10340800BA6A52680432126802FB03F3BB61BB6AF2
:103418005B6801221A60FB685B6804331A68BB6842
:103428005B6804331B681344FB613B6804331A6808
:10343800FB691A44BB6A5B68043336321A60B9699F
:10344800B86AFFF76EFF0023BB610BE0BB6A1A681E
:10345800BB6913446549BA690A4412781A70BB6992
:103468000133BB61BB691E2BF0DDFB685B685B68E1
:103478007B617B69002B09DDBB6A1B6803F11F00B8
:10348800FB681B687A69194608F036F8BB6A1A683F
:10349800FB685B6804331B681F33134420221A70CF
:1034A800BB6A1A68FB685B6804331B6821331344E2
:1034B8000D221A70BB6A1A68FB685B6804331B68C4
:1034C8002033134443221A70BB6A1A68FB685B688E
:1034D80004331B68223313440A221A700023BB6189
:1034E80011E0BB6A1A68FB685B6804331968BB693A
:1034F8000B44233313443E49BA690A4412781A70BC
:10350800BB690133BB61BB690A2BEADDBB685B6839
:103518005B687B610023BB6112E0BB681A68BB690A
:103528001A44BB6A1968FB685B6804331868BB698E
:1035380003442E330B4412781A70BB690133BB6104
:10354800BA697B699A42E8DBBB6A1A68FB692E3361
:1035580013440D221A70BB6A1A68FB692F3313448F
:103568000A221A700023FB6116E0BB6A1A68FB681E
:103578005B6804331968FB691944BB685B680433EA
:103588001B680B44303313441A49FA690A44127809
:103598001A70FB690133FB61FB69052BE5DD3B68AC
:1035A80004331B687B610023FB6116E0FB697A68C2
:1035B8001A44BB6A1968FB685B6804331868FB69BE
:1035C8001844BB685B6804331B68034436330B44F8
:1035D80012781A70FB690133FB61FA697B699A42B8
:1035E800E4DB00BF00BF2037BD4680BDE0B5000862
:1035F80000B600080CB6000880B582B000AF78604D
:103608007B681B68002B1DD07B681B681B68002B20
:103618000AD07B681B681B7C002B05D07B681B6865
:103628001B68184607F05AFE7B681B685B681846DB
:1036380007F054FE7B681B68184607F04FFE7B684E
:1036480000221A6000BF0837BD4680BD90B58FB014
:1036580002AF07F1180302211846FFF728FE07F109
:10366800240302211846FFF722FE8E4BD3E95401AA
:103678004FF000024FF00003FDF7CEF90346002B90
:103688001ED0FF228849894807F0E6FE874B0022B2
:1036980083F8FF200023FB620BE0854AFB6A134492
:1036A8001978824AFB6A13440A461A70FB6A013386
:1036B800FB62FB6A052BF0DD7C4B00229A71B3E0BC
:1036C800784BD3E954014FF000027A4BFDF7A4F987
:1036D8000346002B1ED0FF227349744807F0BCFE36
:1036E800724B002283F8FF200023FB620BE0724A32
:1036F800FB6A134419786D4AFB6A13440A461A7028
:10370800FB6A0133FB62FB6A052BF0DD674B002285
:103718009A7189E06948FDF763FA0346FB62BB6961
:103728005B681B68BA6952680432126802FB03F3CB
:10373800BB62BB695B6801221A60BB695B680433C2
:10374800FA6A1A60BB69B96A1846FFF7EAFDBB69ED
:103758001B68FA6A5949184607F07EFE7B6A5B685F
:103768001B687A6A52680432126802FB03F3BB6270
:103778007B6A5B6801221A60BB695B6804331A685C
:103788007B6A5B6804331F321A607B6AB96A184621
:10379800FFF7C7FD0023FB620BE07B6A1A68FB6A30
:1037A80013444749FA6A0A4412781A70FB6A0133CB
:1037B800FB62FB6A1E2BF0DDBB695B685B68BB6262
:1037C800BB6A002B09DD7B6A1B6803F11F00BB691C
:1037D8001B68BA6A194607F08FFEFF223249334840
:1037E80007F03AFE314B002283F8FF207B6A5B68C2
:1037F80004331B68FF2B06DCBB695B6804331B685A
:103808001F33FB6201E0FF23FB62FB6A002B06DD2E
:103818007B6A1B68FA6A1946244807F06DFE234A3A
:10382800FB6A134400221A70204BD3E9CA014FF0F7
:103838000002244BFDF7F0F80346002B0AD1194B80
:10384800D3E958014FF000021E4BFDF7E5F8034697
:10385800002B1CD007F1100306221349184607F065
:10386800FBFD0023FB620CE0174AFB6A134419783E
:1038780007F11002FB6A13440A461A70FB6A013307
:10388800FB62FB6A052BEFDD0023BB7530E007F117
:10389800100306220449184607F0DEFD0023FB62E8
:1038A80021E000BF08050020C8B50008D8010020A5
:1038B80014B60008000022401CB60008A00800202A
:1038C80024B600080000F03F44B600088C4AFB6AA2
:1038D8001344197807F11002FB6A13440A461A7058
:1038E800FB6A0133FB62FB6A052BEFDD0023BB7526
:1038F8008448FDF775F90346FB6207F120030221AE
:103908001846FFF7D4FC3B6A5B681B683A6A526842
:103918000432126802FB03F3BB623B6A5B68012254
:103928001A603B6A5B680433FA6A1A603B6AB96AD0
:103938001846FFF7F6FC3B6A1B68FA6A7149184695
:1039480007F08AFD7048FDF74BF90346FB6207F163
:103958001C0302211846FFF7AAFCFB695B681B6879
:10396800FA6952680432126802FB03F3BB62FB690E
:103978005B6801221A60FB695B680433FA6A1A60A3
:10398800FB69B96A1846FFF7CCFCFB691B68FA6A41
:103998005D49184607F060FD07F110031846FDF76A
:1039A8001FF90346FB6201233B60FB6A7B60FA6AEE
:1039B80007F1100107F10803184607F04DFD386AB2
:1039C800F9697B6A3C4607F1080200932346FFF732
:1039D8000DFD07F11C031846FFF70EFE07F1200343
:1039E8001846FFF709FEBB695B681B68BA6952682D
:1039F8000432126802FB03F3BB62BB695B680122F5
:103A08001A607B6A5B6804331A68BB695B680433B5
:103A180004321A60BB69B96A1846FFF782FCBB69B1
:103A28001B680D221A70BB691B6801330A221A70C1
:103A38007B6A5B685B68BB62BB6A002B08DDBB699D
:103A48001B68981C7B6A1B68BA6A194607F054FD04
:103A5800BB691A687B6A5B6804331B6802331344CA
:103A68000D221A70BB691A687B6A5B6804331B688D
:103A7800033313440A221A70FF222449244807F00A
:103A8800EBFC214B002283F8FF22BB695B680433FF
:103A98001B68FF2B06DC7B6A5B6804331B680433F6
:103AA800FB6201E0FF23FB6207F124031846FFF7DE
:103AB800A3FD0023BB620EE0BB691A68BB6A13440E
:103AC8001978114ABB6A134403F500730A461A7041
:103AD800BB6A0133BB62BA6AFB6A9A42ECDB07F144
:103AE80018031846FFF788FD074AFB6A134403F5D5
:103AF800007300221A7000BF3437BD4690BD00BF66
:103B08004CB60008A0070020D8010020C8B500085E
:103B1800D8030020B0B586B000AF78604FF000023F
:103B28004FF00003C7E904237B685B685B68BB60F0
:103B380028494FF00002284BC1E962230023FB60AB
:103B480039E0F868FCF796FC4FF00002224BFCF7CE
:103B580045FB02460B461F49C1E962237B681C6886
:103B68001C4BD3E9622310461946FCF787FF03462E
:103B7800013B23441B781846FCF76CFC4FF000020D
:103B8800164BFCF729FB02460B4614461D464FF020
:103B98000002134BD7E90401FCF7D6FC02460B469A
:103BA80020462946FCF71AFB02460B46C7E90423C0
:103BB800FB680133FB60FA68BB689A42C1DBD7E94E
:103BC800042343EC172BB0EE470AF0EE670A1837C8
:103BD800BD46B0BD080500200000F03F0000484089
:103BE8000000244080B584B000AF78607868FFF7A3
:103BF80091FF87ED020BD7E9022343EC172BB0EEB8
:103C0800470AF0EE670A1037BD4680BD80B58AB016
:103C180000AF78609C4BD3E960014FF000029B4BEA
:103C2800FCF7FAFE0346002B44D07B681B68002B88
:103C380040D09748FCF7D4FF03467B6207F10C039A
:103C480002211846FFF733FBFB685B681B68FA68BC
:103C580052680432126802FB03F3FB61FB685B687D
:103C680001221A60FB685B6804337A6A1A60FB6891
:103C7800F9691846FFF755FBFB681B687A6A84499F
:103C8800184607F0E9FB002387F82330FB685B68D8
:103C980004331B68012B07D1FB681B681B780D2BAD
:103CA80002D1012387F8233007F10C031846FFF7E8
:103CB800A3FC02E0002387F8233007F11403022154
:103CC8001846FFF7F4FA07F1100302211846FFF728
:103CD800EEFA07F1180302211846FFF7E8FA002365
:103CE80087F8223097F82330002B00F0E1806948EC
:103CF800FCF776FF03467B627B695B681B687A6921
:103D080052680432126802FB03F3FB617B695B684B
:103D180001221A607B695B6804337A6A1A607B69DE
:103D2800F9691846FFF7FDFA7B691B687A6A5949F1
:103D3800184607F091FB7B691846FFF753FFB0EE72
:103D4800407AF0EE607A504B83ED547B5148FCF793
:103D580047FF03467B623B695B681B683A695268A8
:103D68000432126802FB03F3FB613B695B680122C2
:103D78001A603B695B6804337A6A1A603B69F969BF
:103D88001846FFF7CEFA3B691B687A6A414918461C
:103D980007F062FBFF224049404807F05DFB3A4BC1
:103DA800002283F897243B695B6804331B68FF2B68
:103DB80004DC3B695B685B687B6201E0FF237B6234
:103DC8007B6A002B06DD3B691B687A6A1946334813
:103DD80007F092FB2C4A7B6A134403F566730022B2
:103DE8001A70294BD3E956014FF000024FF0000337
:103DF800FCF712FE0346002B1AD0234B012283F84E
:103E0800A024214B072283F89F24FF22224924481B
:103E180007F022FB234B002283F8FF226622224967
:103E28001F4807F069FB1F4B002283F8662242E017
:103E3800154BD3E956014FF00002144BFCF7ECFD8B
:103E48000346002B1CD0104B012283F89F240E49F7
:103E58004FF000020D4BC1E96423FF220E491048C0
:103E680007F0FAFA0F4B002283F8FF226A220F4963
:103E78000B4807F041FB0B4B002283F86A221AE03B
:103E8800012387F8223016E0080500200000F03FE3
:103E9800D8020020A0060020C8B50008A00800200D
:103EA800D8030020D801002054B60008BCB600088A
:103EB800012387F8223097F82230002B00F0828007
:103EC8004A4BD3E960014FF000024FF00003FCF7C2
:103ED800A3FD0346002B39D07B681B68002B35D027
:103EE8004348FCF77DFE03467B62BB695B681B6841
:103EF800BA6952680432126802FB03F3FB61BB69BA
:103F08005B6801221A60BB695B6804337A6A1A60CD
:103F1800BB69F9691846FFF704FABB691B687A6A36
:103F28003349184607F098FA002387F82330BB690D
:103F38005B6804331B68012B0CD1BB691B681B78B9
:103F48000D2B07D1012387F8233003E0002387F8DE
:103F5800233000E000BF97F82330002B25D0234BF7
:103F6800052283F89F24FF222249234807F074FA88
:103F7800224B002283F8FF2200237B620DE0204AB7
:103F88007B6A134419781D4A7B6A134403F500734E
:103F98000A461A707B6A01337B627B6A3C2BEEDD32
:103FA800164B002283F83D220CE0FF2211491248EB
:103FB80007F052FA114B002283F8FF220F4B002220
:103FC80083F8002207F118031846FFF715FB07F1DD
:103FD80010031846FFF710FB07F114031846FFF704
:103FE8000BFB00BF2837BD4680BD00BF0805002079
:103FF800D8020020C8B50008D8030020D801002046
:1040080028B7000880B58AB000AF786007F10C03C4
:1040180002211846FFF74BF97B681B68002B35D047
:104028009E48FCF7DDFD03467B62FB685B681B6806
:10403800FA6852680432126802FB03F3FB61FB68FA
:104048005B6801221A60FB685B6804337A6A1A604D
:10405800FB68F9691846FFF764F9FB681B687A6A18
:104068008E49184607F0F8F9002387F82330FB68D3
:104078005B6804331B68012B0BD1FB681B681B783A
:10408800312B06D1012387F8233002E0002387F87B
:10409800233097F82330002B29D0814B002283F856
:1040A800A0247F4B0B2283F89F24FF227D497E4862
:1040B80007F0D2F97D4B002283F8FF2200237B62B0
:1040C8000DE07B4A7B6A13441978784A7B6A13446B
:1040D80003F500730A461A707B6A01337B627B6AB8
:1040E800282BEEDD714B002283F829226EE17B68D4
:1040F8001B68002B40D06948FCF772FD03467B62C1
:1041080007F1180302211846FFF7D1F8BB695B686D
:104118001B68BA6952680432126802FB03F3FB6138
:10412800BB695B6801221A60BB695B6804337A6A01
:104138001A60BB69F9691846FFF7F3F8BB691B6891
:104148007A6A5649184607F087F9002387F823301A
:10415800BB695B6804331B68012B07D1BB691B680B
:104168001B78332B02D1012387F8233007F118037A
:104178001846FFF741FA02E0002387F8233097F842
:104188002330002B29D0464B002283F8A024444B2F
:104198000D2283F89F24FF224249434807F05CF927
:1041A800424B002283F8FF2200237B620DE0414A44
:1041B8007B6A134419783D4A7B6A134403F50073FC
:1041C8000A461A707B6A01337B627B6A212BEEDD1B
:1041D800364B002283F82222F8E07B681B68002B0C
:1041E80040D02E48FCF7FCFC03467B6207F1140321
:1041F80002211846FFF75BF87B695B681B687A69E0
:1042080052680432126802FB03F3FB617B695B6846
:1042180001221A607B695B6804337A6A1A607B69D9
:10422800F9691846FFF77DF87B691B687A6A1B49AC
:10423800184607F011F9002387F823307B695B687B
:1042480004331B68012B07D17B691B681B78342B4F
:1042580002D1012387F8233007F114031846FFF72A
:10426800CBF902E0002387F8233097F82330002B9E
:1042780038D00B4B002283F8A024094B0F2283F877
:104288009F24FF220749084807F0E6F8074B002259
:1042980083F8FF2200237B621CE000BFD8020020C5
:1042A80008050020C8B50008D8030020D801002060
:1042B80068B7000894B70008494A7B6A134419781C
:1042C800484A7B6A134403F500730A461A707B6AEE
:1042D80001337B627B6A132BEEDD424B002283F8AD
:1042E800142273E07B681B68002B40D03E48FCF723
:1042F80077FC03467B6207F1100302211846FEF79C
:10430800D6FF3B695B681B683A69526804321268D9
:1043180002FB03F3FB613B695B6801221A603B699E
:104328005B6804337A6A1A603B69F9691846FEF7D4
:10433800F8FF3B691B687A6A2B49184607F08CF826
:10434800002387F823303B695B6804331B68012B23
:1043580007D13B691B681B78322B02D1012387F8F0
:10436800233007F110031846FFF746F902E000234F
:1043780087F8233097F82330002B1AD01B4B0022E4
:1043880083F8A024194B092283F89F24FF22184997
:10439800184807F061F8134B002283F8FF225122D6
:1043A8001549144807F0A8F80E4B002283F851224B
:1043B8000CE0FF220E490F4807F04EF8094B002287
:1043C80083F8FF22074B002283F8002207F10C0331
:1043D8001846FFF711F900BF2837BD4680BD00BF5A
:1043E800B8B70008D8010020D8020020080500202E
:1043F800C8B50008D8030020CCB7000880B586B03F
:1044080000AF78607868FFF785FB87ED020B4FF007
:1044180000024FF00003C7E904234FF00002164BD7
:10442800D7E90201FCF720FB0346002B09D04FF027
:104438000002124BD7E90201FCF7F8FA0346002BF9
:104448000AD14FF000024FF00003D7E90201FCF750
:10445800E3FA0346002B04D04FF00002084BC7E9EB
:104468000423D7E9042343EC172BB0EE470AF0EEF8
:10447800670A1837BD4680BD0000104000003F4065
:104488000000F03F80B588B000AFA348FCF7A8FB58
:104498000346FB613B4602211846FEF708FF3B68CE
:1044A8005B681B683A6852680432126802FB03F3BF
:1044B800BB613B685B6801221A603B685B68043338
:1044C800FA691A603B68B9691846FEF72AFF3B6823
:1044D8001B68FA699049184606F0BEFF8F48FCF73A
:1044E8007FFB0346FB6107F1100302211846FEF724
:1044F800DEFE3B695B681B683A69526804321268E1
:1045080002FB03F3BB613B695B6801221A603B69EC
:104518005B680433FA691A603B69B9691846FEF7A3
:1045280000FF3B691B68FA697C49184606F094FF4E
:1045380007F10C0302211846FEF7B9FEFB685B6819
:104548001B68FA6852680432126802FB03F3BB6105
:10455800FB685B6801221A603B685B6804331A6871
:104568003B695B6804331B681344FB61FB685B6849
:104578000433FA691A60FB68B9691846FEF7D1FE78
:104588003B685B685B687B617B69002B07DDFB68C8
:1045980018683B681B687A69194606F0ADFF3B69E5
:1045A8005B685B687B610023BB6111E03B691A684B
:1045B800BB691A44FB681B68396849680431086894
:1045C800B96901440B4412781A70BB690133BB61A5
:1045D800BA697B699A42E9DB07F110031846FFF7CD
:1045E8000BF83B461846FFF707F8FF224C494A48A4
:1045F80006F032FF4B4B002283F89722FB685B687A
:1046080004331B68FF2B01DDFF23FB61FB69002BD3
:1046180006DDFB681B68FA6919463F4806F06CFF1F
:1046280007F10C031846FEF7E7FF3E4AFB691344FF
:1046380003F5CC7300221A703848FCF7D1FA034608
:10464800FB6107F1080302211846FEF730FEBB683C
:104658005B681B68BA6852680432126802FB03F38D
:10466800BB61BB685B6801221A60BB685B68043386
:10467800FA691A60BB68B9691846FEF752FEBB684A
:104688001B68FA692549184606F0E6FEFF22244908
:10469800254806F0E1FE254B002283F8FF22BB687F
:1046A8005B6804331B68FF2B04DCBB685B685B68D2
:1046B800FB6101E0FF23FB61FB69002B06DDBB68A2
:1046C8001B68FA691946184806F016FF07F108032F
:1046D8001846FEF791FF154AFB69134403F500736A
:1046E80000221A700F4BD3E962014FF00002104B01
:1046F800FBF774FD02460B460A49C1E96223094BE0
:10470800D3E962014FF000024FF00003FCF7ACF967
:104718000346002B0ED151E0A0060020D80200204D
:10472800C8B5000808050020D8030020D8010020DB
:104738000000F03F234BD3E962014FF00002224B07
:10474800FCF774F90346002B00D137E01F48FCF74B
:1047580047FA0346FB613B1D02211846FEF7A7FDF9
:104768007B685B681B687A6852680432126802FBCF
:1047780003F3BB617B685B6801221A607B685B6836
:104788000433FA691A607B68B9691846FEF7C9FDEF
:104798007B681B68FA690D49184606F05DFE7B6860
:1047A8001846FFF72BFEB0EE407AF0EE607A054B24
:1047B80083ED5C7B3B1D1846FEF71EFF00BF2037CC
:1047C800BD4680BD0805002000000840A006002066
:1047D80080B58AB000AF78608D4BD3E95C014FF0AB
:1047E80000028C4BFCF718F90346002B44D07B6879
:1047F8001B68002B40D08848FCF7F2F903467B621F
:1048080007F10C0302211846FEF751FDFB685B68AF
:104818001B68FA6852680432126802FB03F3FB61F2
:10482800FB685B6801221A60FB685B6804337A6A7C
:104838001A60FB68F9691846FEF773FDFB681B6888
:104848007A6A7549184606F007FE002387F8233070
:10485800FB685B6804331B68012B07D1FB681B6886
:104868001B780D2B02D1012387F8233007F10C03A5
:104878001846FEF7C1FE02E0002387F8233007F14F
:10488800140302211846FEF712FD07F11003022156
:104898001846FEF70CFD07F1180302211846FEF72B
:1048A80006FD002387F8223097F82330002B00F00C
:1048B800C1805A48FCF794F903467B627B695B68C0
:1048C8001B687A6952680432126802FB03F3FB61C1
:1048D8007B695B6801221A607B695B6804337A6ACA
:1048E8001A607B69F9691846FEF71BFD7B691B682E
:1048F8007A6A4A49184606F0AFFD7B691846FFF701
:1049080071F9B0EE407AF0EE607A414B83ED527B5C
:104918004248FCF765F903467B623B695B681B68A4
:104928003A6952680432126802FB03F3FB613B697F
:104938005B6801221A603B695B6804337A6A1A6013
:104948003B69F9691846FEF7ECFC3B691B687A6A13
:104958003249184606F080FD2D4BD3E956014FF039
:1049680000024FF00003FCF757F80346002B1AD05B
:10497800274B012283F8A024254B072283F89F2484
:10498800FF222749274806F067FD274B002283F8B6
:10499800FF2266222549234806F0AEFD224B00225D
:1049A80083F8662249E01A4BD3E956014FF000021A
:1049B800184BFCF731F80346002B25D0144B0D2279
:1049C80083F89F24FF221649164806F045FD164B2A
:1049D800002283F8FF2200237B620DE0144A7B6AE1
:1049E80013441978104A7B6A134403F500730A4686
:1049F8001A707B6A01337B627B6A212BEEDD0A4BDE
:104A0800002283F8222218E0012387F8223014E0DC
:104A1800080500200000F03FD8020020A006002072
:104A2800C8B50008D8030020D801002020B8000825
:104A380088B80008012387F8223097F82230002B25
:104A480000F08D804F4BD3E95C014FF000024FF02E
:104A58000003FBF7E1FF0346002B39D07B681B6896
:104A6800002B35D04848FCF7BBF803467B62BB698E
:104A78005B681B68BA6952680432126802FB03F368
:104A8800FB61BB695B6801221A60BB695B68043320
:104A98007A6A1A60BB69F9691846FEF742FCBB6975
:104AA8001B687A6A3849184606F0D6FC002387F84E
:104AB8002330BB695B6804331B68012B0CD1BB69CD
:104AC8001B681B780D2B07D1012387F8233003E0DF
:104AD800002387F8233000E000BF97F82330002B2D
:104AE80025D0284B022283F89F24FF2227492848F3
:104AF80006F0B2FC274B002283F8FF2200237B62DA
:104B08000DE0254A7B6A13441978224A7B6A1344CC
:104B180003F500730A461A707B6A01337B627B6A6D
:104B28003E2BEEDD1B4B002283F83F2217E01B4B88
:104B38001B78002B06D0134B0A2283F89F24FFF71B
:104B4800A1FC0CE0FF221149114806F085FC114B2D
:104B5800002283F8FF220F4B002283F8002207F17E
:104B680018031846FEF748FD07F110031846FEF72C
:104B780043FD07F114031846FEF73EFD00BF283732
:104B8800BD4680BD08050020D8020020C8B5000831
:104B9800D8030020D8010020ACB80008C8090020BC
:104BA80080B586B000AF78607868FEF7B3FF87ED10
:104BB800020B4FF000024FF00003C7E904234FF047
:104BC8000002114BD7E90201FBF726FF0346002B31
:104BD8000AD14FF000024FF00003D7E90201FBF7BA
:104BE8001BFF0346002B04D04FF00002064BC7E919
:104BF8000423D7E9042343EC172BB0EE470AF0EE61
:104C0800670A1837BD4680BD0000F03F80B58AB0FE
:104C180000AF786007F1180302211846FEF747FB3A
:104C28007B681B68002B00F07C81FF228D498E4831
:104C380006F012FC8D4B002283F897228B4B002242
:104C480083F89821894B0C2283F89F248648FBF728
:104C5800C7FF03467B6207F1080302211846FEF7E7
:104C680026FBBB685B681B68BA6852680432126826
:104C780002FB03F3FB61BB685B6801221A60BB6837
:104C88005B6804337A6A1A60BB68F9691846FEF7EC
:104C980048FBBB681B687A6A7349184606F0DCFB58
:104CA8007348FBF79DFF03467B6207F1140302215B
:104CB8001846FEF7FCFA7B695B681B687A695268DC
:104CC8000432126802FB03F3FB617B695B68012213
:104CD8001A607B695B6804337A6A1A607B69F969D0
:104CE8001846FEF71EFB7B691B687A6A60491846FE
:104CF80006F0B2FBBB695B681B68BA69526804328C
:104D0800126802FB03F3FB61BB695B6801221A604E
:104D1800BB685B6804331A687B695B6804331B688B
:104D280013443B62BB695B6804333A6A1A60BB6927
:104D3800F9691846FEF7F5FABB685B685B68FB61C2
:104D4800FB69002B07DDBB691868BB681B68FA693B
:104D5800194606F0D1FB7B695B685B68FB61002341
:104D68007B6211E07B691A687B6A1A44BB691B681D
:104D7800B968496804310868796A01440B441278B3
:104D88001A707B6A01337B627A6AFB699A42E9DBB3
:104D980007F114031846FEF72FFC07F1080318461D
:104DA800FEF72AFCFF222F492F4806F055FB2F4B10
:104DB800002283F89722BB695B6804331B68FF2BCA
:104DC80001DDFF233B623B6A002B06DDBB691B68E4
:104DD8003A6A1946244806F08FFB244A3B6A134472
:104DE80003F5CC7300221A702148FBF7F9FE03463D
:104DF8007B6207F1100302211846FEF758FA3B6957
:104E08005B681B683A6952680432126802FB03F354
:104E1800FB613B695B6801221A603B695B6804338C
:104E28007A6A1A603B69F9691846FEF77AFA3B69AB
:104E38001B687A6A0E49184606F00EFBFF220949DC
:104E48000C4806F009FB0C4B002283F8FF223B6953
:104E58005B6804331B68FF2B10DC3B695B685B688D
:104E68003B620DE0C8B50008A00600200805002038
:104E7800D8020020D8030020D8010020FF233B627D
:104E88003B6A002B06DD3B691B683A6A19463048C5
:104E980006F032FB07F110031846FEF7ADFB2D4A6A
:104EA8003B6A134403F5007300221A702A48FBF783
:104EB80097FE03467B6207F10C0302211846FEF7B2
:104EC800F6F9FB685B681B68FA6852680432126876
:104ED80002FB03F3FB61FB685B6801221A60FB6855
:104EE8005B6804337A6A1A60FB68F9691846FEF74A
:104EF80018FAFB681B687A6A1749184606F0ACFA74
:104F0800FB681846FFF74CFEB0EE407AF0EE607A88
:104F1800124B83ED5A7B07F10C031846FEF76CFB26
:104F28000CE0FF220E490A4806F096FA094B0022C7
:104F380083F8FF22074B002283F8002207F11803A9
:104F48001846FEF759FB00BF2837BD4680BD00BF95
:104F5800D8030020D8010020A00600200805002062
:104F6800C8B5000880B588B000AF78609D4BD3E91C
:104F78005A014FF000029C4BFBF74EFD0346002BF5
:104F880042D07B681B68002B3ED09848FBF728FE70
:104F98000346BB6107F1080302211846FEF787F9AB
:104FA800BB685B681B68BA6852680432126802FB07
:104FB80003F37B61BB685B6801221A60BB685B68AE
:104FC8000433BA691A60BB6879691846FEF7A9F90B
:104FD800BB681B68BA698549184606F03DFA002384
:104FE800FB77BB685B6804331B68012B06D1BB6881
:104FF8001B681B780D2B01D10123FB7707F10803F0
:105008001846FEF7F9FA01E00023FB7707F11003D1
:1050180002211846FEF74BF9FB7F002B00F09B801E
:105028007348FBF7DDFD0346BB613B695B681B68A2
:105038003A6952680432126802FB03F37B613B69E8
:105048005B6801221A603B695B680433BA691A60BD
:105058003B6979691846FEF764F93B691B68BA69C8
:105068006349184606F0F8F93B691846FEF7BAFD99
:10507800B0EE407AF0EE607A5A4B83ED587B5C488C
:10508800FBF7AEFD0346BB6107F10C03022118468E
:10509800FEF70DF9FB685B681B68FA685268043212
:1050A800126802FB03F37B61FB685B6801221A60EC
:1050B800FB685B680433BA691A60FB68796918464B
:1050C800FEF72FF9FB681B68BA694949184606F0CC
:1050D800C3F907F10C031846FEF78EFA414BD3E9E2
:1050E80056014FF00002404BFBF796FC0346002B9D
:1050F80016D03C4B092283F89F24FF223D493E48A5
:1051080006F0AAF93D4B002283F8FF2251223C49C0
:10511800394806F0F1F9394B002283F851229BE017
:10512800304B012283F8A0242E4B072283F89F24BA
:10513800FF223049304806F08FF9304B002283F8BF
:10514800FF2266222F492C4806F0D6F92B4B002265
:1051580083F8662280E0234BD3E95A014FF000021E
:105168004FF00003FBF758FC0346002B37D07B6851
:105178001B68002B33D01D48FBF732FD0346BB618B
:105188003B695B681B683A6952680432126802FB23
:1051980003F37B613B695B6801221A603B695B68CA
:1051A8000433BA691A603B6979691846FEF7B9F899
:1051B8003B691B68BA690D49184606F04DF900238A
:1051C800FB773B695B6804331B68012B1CD13B6987
:1051D8001B681B780D2B17D10123FB7714E00023E4
:1051E800FB7712E0080500200000F03FD8020020FD
:1051F800A0060020C8B50008D8030020D801002068
:10520800ECB8000840B9000800BFFB7F002B16D09F
:10521800164B032283F89F24FF221549154806F0F0
:105228001BF9154B002283F8FF224122134911482C
:1052380006F062F9104B002283F841220CE0FF22AD
:105248000B490C4806F008F90B4B002283F8FF22A3
:10525800094B002283F8002207F110031846FEF7D5
:10526800CBF900BF2037BD4680BD00BF0805002030
:10527800C8B50008D8030020D8010020A8B9000844
:1052880080B586B000AF78607868FEF743FC87ED9C
:10529800020B4FF000024FF00003C7E904234FF060
:1052A8000002114BD7E90201FBF7DEFB0346002B96
:1052B8000ED04FF000020D4BD7E90201FBF7B6FB09
:1052C8000346002B04D04FF00002094BC7E9042322
:1052D800D7E9042343EC172BB0EE470AF0EE670A30
:1052E8001837BD4680BD00BF00002E4000003F407B
:1052F8000000F03F80B588B000AFA348FBF770FC12
:105308000346FB613B4602211846FDF7D0FF3B6888
:105318005B681B683A6852680432126802FB03F340
:10532800BB613B685B6801221A603B685B680433B9
:10533800FA691A603B68B9691846FDF7F2FF3B68DD
:105348001B68FA699049184606F086F88F48FBF7FB
:1053580047FC0346FB6107F1100302211846FDF7DD
:10536800A6FF3B695B681B683A6952680432126899
:1053780002FB03F3BB613B695B6801221A603B696E
:105388005B680433FA691A603B69B9691846FDF726
:10539800C8FF3B691B68FA697C49184606F05CF847
:1053A80007F10C0302211846FDF781FFFB685B68D3
:1053B8001B68FA6852680432126802FB03F3BB6187
:1053C800FB685B6801221A603B685B6804331A68F3
:1053D8003B695B6804331B681344FB61FB685B68CB
:1053E8000433FA691A60FB68B9691846FDF799FF32
:1053F8003B685B685B687B617B69002B07DDFB684A
:1054080018683B681B687A69194606F075F83B69A5
:105418005B685B687B610023BB6111E03B691A68CC
:10542800BB691A44FB681B68396849680431086815
:10543800B96901440B4412781A70BB690133BB6126
:10544800BA697B699A42E9DB07F110031846FEF74F
:10545800D3F83B461846FEF7CFF8FF224C494A4896
:1054680005F0FAFF4B4B002283F89722FB685B6834
:1054780004331B68FF2B01DDFF23FB61FB69002B55
:1054880006DDFB681B68FA6919463F4806F034F8E0
:1054980007F10C031846FEF7AFF83E4AFB691344C0
:1054A80003F5CC7300221A703848FBF799FB0346C2
:1054B800FB6107F1080302211846FDF7F8FEBB68F7
:1054C8005B681B68BA6852680432126802FB03F30F
:1054D800BB61BB685B6801221A60BB685B68043308
:1054E800FA691A60BB68B9691846FDF71AFFBB6804
:1054F8001B68FA692549184605F0AEFFFF222449C2
:10550800254805F0A9FF254B002283F8FF22BB6838
:105518005B6804331B68FF2B04DCBB685B685B6853
:10552800FB6101E0FF23FB61FB69002B06DDBB6823
:105538001B68FA691946184805F0DEFF07F10803E9
:105548001846FEF759F8154AFB69134403F500732A
:1055580000221A700F4BD3E962014FF00002104B82
:10556800FAF73CFE02460B460A49C1E96223094B99
:10557800D3E962014FF000024FF08043FBF74CFA89
:105588000346002B0ED145E0A0060020D8020020DB
:10559800C8B5000808050020D8030020D80100205D
:1055A8000000F03F1D48FBF71BFB0346FB613B1D5A
:1055B80002211846FDF77BFE7B685B681B687A68EA
:1055C80052680432126802FB03F3BB617B685B68B4
:1055D80001221A607B685B680433FA691A607B6889
:1055E800B9691846FDF79DFE7B681B68FA690B4987
:1055F800184605F031FF7B681846FFF741FEB0EE0C
:10560800407AF0EE607A064B83ED5E7B3B1D1846D0
:10561800FDF7F2FF00BF2037BD4680BDA006002081
:105628000805002080B58AB000AF7860A54BD3E9A3
:105638005E014FF000024FF00003FBF7EDF903465F
:10564800002B44D07B681B68002B40D09E48FBF79A
:10565800C7FA03467B6207F10C0302211846FDF7DF
:1056680026FEFB685B681B68FA6852680432126899
:1056780002FB03F3FB61FB685B6801221A60FB68AD
:105688005B6804337A6A1A60FB68F9691846FDF7A3
:1056980048FEFB681B687A6A8B49184605F0DCFEF1
:1056A800002387F82330FB685B6804331B68012BF1
:1056B80007D1FB681B681B780D2B02D1012387F8E3
:1056C800233007F10C031846FDF796FF02E000238C
:1056D80087F8233097F82330002B25D0794B042204
:1056E80083F89F24FF227949794805F0B5FE794B64
:1056F800002283F8FF2200237B620DE0764A7B6A52
:1057080013441978734A7B6A134403F500730A46F5
:105718001A707B6A01337B627B6A3E2BEEDD6D4B30
:10572800002283F83F2277E1664BD3E95E014FF010
:1057380000026A4BFBF770F90346002B44D07B68E4
:105748001B68002B40D06048FBF74AFA03467B628F
:1057580007F1180302211846FDF7A9FDBB695B682C
:105768001B68BA6952680432126802FB03F3FB61D2
:10577800BB695B6801221A60BB695B6804337A6A9B
:105788001A60BB69F9691846FDF7CBFDBB691B6850
:105798007A6A4D49184605F05FFE002387F82330E2
:1057A800BB695B6804331B68012B07D1BB691B68A5
:1057B8001B780D2B02D1012387F8233007F118033A
:1057C8001846FDF719FF02E0002387F8233007F198
:1057D800140302211846FDF76AFD07F110030221A0
:1057E8001846FDF764FD002387F8223097F8233028
:1057F800002B00F0E8803A48FBF7F2F903467B6299
:105808007B695B681B687A6952680432126802FB1C
:1058180003F3FB617B695B6801221A607B695B6843
:1058280004337A6A1A607B69F9691846FDF779FDCD
:105838007B691B687A6A2A49184605F00DFE7B6960
:105848001846FEF7CFF9B0EE407AF0EE607A1D4BBD
:1058580083ED507B2248FBF7C3F903467B623B6923
:105868005B681B683A6952680432126802FB03F3EA
:10587800FB613B695B6801221A603B695B68043322
:105888007A6A1A603B69F9691846FDF74AFD3B696F
:105898001B687A6A1249184605F0DEFDFF220B499B
:1058A800104805F0D9FD074B002283F897233B6980
:1058B8005B6804331B68FF2B16DC3B695B685B681D
:1058C8007B6213E008050020D8020020C8B5000854
:1058D800D8030020D8010020ECB900080000F03FF0
:1058E800A0060020A0070020FF237B627B6A002B14
:1058F80006DD3B691B687A6A1946494805F0FCFDD4
:10590800484A7B6A134403F5267300221A70454BF4
:10591800D3E956014FF000024FF00003FBF77CF883
:105928000346002B1AD03F4B012283F8A0243D4B9D
:10593800072283F89F24FF223B493C4805F08CFD51
:105948003B4B002283F8FF2266223A49374805F08C
:10595800D3FD374B002283F8662237E0314BD3E979
:1059680056014FF00002344BFBF756F80346002B64
:1059780025D02C4B0F2283F89F24FF222A492B483D
:1059880005F06AFD2A4B002283F8FF2200237B6280
:105998000DE02A4A7B6A13441978254A7B6A134426
:1059A80003F500730A461A707B6A01337B627B6ACF
:1059B800132BEEDD1E4B002283F8142206E0012390
:1059C80087F8223002E0012387F8223097F8223046
:1059D800002B17D01A4B1B78002B06D0114B0E2228
:1059E80083F89F24FFF786FC0CE0FF220E490F483E
:1059F80005F032FD0E4B002283F8FF220C4B0022EB
:105A080083F8002207F110031846FDF7F5FD07F1AA
:105A180014031846FDF7F0FD00BF2837BD4680BDCA
:105A2800A007002008050020C8B50008D8030020FA
:105A3800D80100202CBA00080000F03F94BA0008F2
:105A4800C909002080B586B000AF78607868FEF795
:105A580061F887ED020B4FF000024FF00003C7E931
:105A680004234FF000020C4BD7E90201FAF7DEFFDE
:105A78000346002B04D04FF00002084BC7E904236B
:105A8800D7E9042343EC172BB0EE470AF0EE670A78
:105A98001837BD4680BD00BF000024400000F03F1D
:105AA80080B58AB000AF786007F118030221184664
:105AB800FDF7FDFB7B681B68002B00F07C81FF2253
:105AC8008D498E4805F0C8FC8D4B002283F897223B
:105AD8008B4B002283F89821894B102283F89F244E
:105AE8008648FBF77DF803467B6207F1080302212D
:105AF8001846FDF7DCFBBB685B681B68BA68526830
:105B08000432126802FB03F3FB61BB685B68012285
:105B18001A60BB685B6804337A6A1A60BB68F96903
:105B28001846FDF7FEFBBB681B687A6A734918467E
:105B380005F092FC7348FBF753F803467B6207F1C4
:105B4800140302211846FDF7B2FB7B695B681B68EA
:105B58007A6952680432126802FB03F3FB617B69BD
:105B68005B6801221A607B695B6804337A6A1A6091
:105B78007B69F9691846FDF7D4FB7B691B687A6A6B
:105B88006049184605F068FCBB695B681B68BA6920
:105B980052680432126802FB03F3FB61BB695B685D
:105BA80001221A60BB685B6804331A687B695B680A
:105BB80004331B6813443B62BB695B6804333A6A6D
:105BC8001A60BB69F9691846FDF7ABFBBB685B68EF
:105BD8005B68FB61FB69002B07DDBB691868BB6864
:105BE8001B68FA69194605F087FC7B695B685B6886
:105BF800FB6100237B6211E07B691A687B6A1A44A7
:105C0800BB691B68B968496804310868796A014446
:105C18000B4412781A707B6A01337B627A6AFB69DB
:105C28009A42E9DB07F114031846FDF7E5FC07F192
:105C380008031846FDF7E0FCFF222F492F4805F01E
:105C48000BFC2F4B002283F89722BB695B68043357
:105C58001B68FF2B01DDFF233B623B6A002B06DD3F
:105C6800BB691B683A6A1946244805F045FC244A72
:105C78003B6A134403F5CC7300221A702148FAF7E3
:105C8800AFFF03467B6207F1100302211846FDF7B8
:105C98000EFB3B695B681B683A69526804321268FC
:105CA80002FB03F3FB613B695B6801221A603B69F5
:105CB8005B6804337A6A1A603B69F9691846FDF72C
:105CC80030FB3B691B687A6A0E49184605F0C4FB2D
:105CD800FF2209490C4805F0BFFB0C4B002283F852
:105CE800FF223B695B6804331B68FF2B10DC3B69B0
:105CF8005B685B683B620DE0C8B50008A006002041
:105D080008050020D8020020D8030020D801002070
:105D1800FF233B623B6A002B06DD3B691B683A6A3E
:105D28001946304805F0E8FB07F110031846FDF75F
:105D380063FC2D4A3B6A134403F5007300221A7072
:105D48002A48FAF74DFF03467B6207F10C0302214C
:105D58001846FDF7ACFAFB685B681B68FA6852687E
:105D68000432126802FB03F3FB61FB685B680122E3
:105D78001A60FB685B6804337A6A1A60FB68F96921
:105D88001846FDF7CEFAFB681B687A6A1749184669
:105D980005F062FBFB681846FFF754FEB0EE407A48
:105DA800F0EE607A124B83ED607B07F10C03184626
:105DB800FDF722FC0CE0FF220E490A4805F04CFBD7
:105DC800094B002283F8FF22074B002283F80022A8
:105DD80007F118031846FDF70FFC00BF2837BD462A
:105DE80080BD00BFD8030020D8010020A0060020F5
:105DF80008050020C8B5000880B400AF414B93F8EF
:105E08009F34013B0F2B77D801A252F823F000BF33
:105E1800595E0008635E00086D5E0008775E000842
:105E2800815E00088B5E0008955E0008A75E00088A
:105E3800B15E0008BB5E0008C55E0008CF5E0008C2
:105E4800D95E0008E35E0008ED5E0008F75E000812
:105E58002C4B002283F89F244EE02A4B002283F823
:105E68009F2449E0274B002283F89F2444E0254BD8
:105E7800002283F89F243FE0224B002283F89F24CE
:105E88003AE0204B002283F89F2435E01D4B002286
:105E980083F8A0241B4B002283F89F242CE0194B85
:105EA800002283F89F2427E0164B002283F89F24C2
:105EB80022E0144B002283F89F241DE0114B00229E
:105EC80083F89F2418E00F4B002283F89F2413E0E7
:105ED8000C4B002283F89F240EE00A4B002283F823
:105EE8009F2409E0074B002283F89F2404E0054B18
:105EF800002283F89F2400BF00BFBD465DF8047BE5
:105F0800704700BF0805002080B586B000AF87ED58
:105F1800040BF860B9607A604FF00002704BD7E963
:105F28000401FAF797FD0346002B1ED04FF000023C
:105F38006C4BD7E90401FAF783FD0346002B14D014
:105F4800F9684FF000024FF00003C1E90023B96877
:105F58004FF000024FF00003C1E9002379684FF0C9
:105F68000002614BC1E90023B6E04FF000025F4B2D
:105F7800D7E90401FAF76EFD0346002B1DD04FF058
:105F880000025B4BD7E90401FAF75AFD0346002BE0
:105F980013D0F9684FF00002564BC1E90023B968E5
:105FA8004FF000024FF00003C1E9002379684FF079
:105FB8000002504BC1E900238EE04FF000024E4B27
:105FC800D7E90401FAF746FD0346002B1DD04FF030
:105FD80000024A4BD7E90401FAF732FD0346002BC9
:105FE80013D0F9684FF000023F4BC1E90023B968AC
:105FF8004FF000023C4BC1E9002379684FF00002E2
:106008004FF00003C1E9002366E04FF000023C4B6B
:10601800D7E90401FAF71EFD0346002B1DD04FF007
:106028000002384BD7E90401FAF70AFD0346002BB2
:1060380013D0F9684FF000022B4BC1E90023B9686F
:106048004FF000022B4BC1E9002379684FF00002A2
:106058004FF00003C1E900233EE04FF000022A4B55
:10606800D7E90401FAF7F6FC0346002B1ED04FF0DF
:106078000002264BD7E90401FAF7E2FC0346002B9D
:1060880014D0F9684FF00002174BC1E90023B96832
:106098004FF000024FF00003C1E9002379684FF088
:1060A80000024FF00003C1E9002315E0F9684FF042
:1060B80000024FF00003C1E90023B9684FF0000265
:1060C8004FF00003C1E9002379684FF000024FF058
:1060D8000003C1E9002300BF00BF1837BD4680BDDB
:1060E80000003040000032400000594000003340BA
:1060F80000003540000049400000364000003840AC
:106108000000394000003B4000003C4000003E4099
:1061180080B584B000AF87ED000B4FF00002264B2E
:10612800D7E90001FAF710FA02460B46C7E900233F
:106138004FF000024FF00003D7E90001FAF78AFC9C
:106148000346002B27D04FF000021C4BD7E9000173
:10615800FAF776FC0346002B1DD04FF00002174BD0
:10616800D7E90001FAF71AFB02460B461046194612
:106178004FF00002124BFAF7E7F902460B461046B9
:1061880019464FF000020E4BFAF728F802460B4664
:10619800C7E9022305E04FF000024FF00003C7E90A
:1061A8000223D7E9022343EC172BB0EE470AF0EE9F
:1061B800670A1037BD4680BD000034400080664045
:1061C8000000144080B586B000AF7860A94B1B78FA
:1061D800002B62D0A84BD3E964014FF00002A74B13
:1061E800FAF71AFC0346002B57D0FFF705FEA24921
:1061F8004FF000024FF00003C1E956239E4B0222E4
:1062080083F89E249C4B93ED507B9D4A9D499E4864
:10621800B0EE470AF0EE670AFFF776FE964B0022CB
:10622800C3F89824FDF712FA934BD3E958014FF0BD
:106238000002924BFAF7F0FB0346002B0AD08E4B74
:10624800012283F8A12491494FF000028B4BC1E948
:10625800CA2311E0884B022283F8A1248B494FF00E
:1062680000024FF00003C1E9CA2383494FF000023E
:106278004FF00003C1E958237F4B93ED547BB0EEF8
:10628800470AF0EE670AFFF743FFB0EE407AF0EEF8
:10629800607A7E4B83EDC87B1BE307F1080302217C
:1062A8001846FDF704F8744B93F89F34013B0E2B06
:1062B80000F2058301A252F823F000BF0163000831
:1062C8001D630008E1630008F1640008D365000855
:1062D800B56600082767000851670008ED670008E1
:1062E800476800084F680008576800085F6800089A
:1062F800B7680008BF680008FF226549654805F0CF
:10630800ABF8624B002283F8FF22604B002283F82F
:106318000022D8E27B681B68002B33D05E48FAF76E
:106328005FFC03467B61BB685B681B68BA685268A0
:106338000432126802FB03F3FB60BB685B6801224E
:106348001A60BB685B6804337A691A60BB68F968CD
:106358001846FCF7E6FFBB681B687A694E49184681
:1063680005F07AF80023FB74BB685B6804331B688C
:10637800012B09D1BB681B681B780D2B04D10123A5
:10638800FB7401E00023FB74FB7C002B16D03A4B16
:10639800092283F89F24FF223D493E4805F05CF816
:1063A8003A4B002283F8FF2251223C49394805F034
:1063B800A3F8364B002283F8512284E2FF223449A5
:1063C800344805F049F8314B002283F8FF222F4B5F
:1063D800002283F8002276E27B681B68002B33D00A
:1063E8002D48FAF7FDFB03467B61BB685B681B68B9
:1063F800BA6852680432126802FB03F3FB60BB6898
:106408005B6801221A60BB685B6804337A691A60AA
:10641800BB68F9681846FCF784FFBB681B687A6993
:106428001D49184605F018F80023FB74BB685B6823
:1064380004331B68012B09D1BB681B681B780D2B23
:1064480004D10123FB7401E00023FB74FB7C002BC7
:106458003CD0094B0B2283F89F24FF220C490D489E
:1064680004F0FAFF094B002283F8FF2200237B6126
:1064780024E000BFD0090020080500200000F03FFC
:10648800E8040020E0040020D8040020D8010020FF
:10649800C8B50008D8030020D8020020A8BA000810
:1064A800A14A7B6913441978A04A7B69134403F510
:1064B80000730A461A707B6901337B617B69282B5C
:1064C800EEDD9A4B002283F82922FCE1FF2298494D
:1064D800984804F0C1FF954B002283F8FF22934BA4
:1064E800002283F80022EEE17B681B68002B33D082
:1064F8009148FAF775FB03467B61BB685B681B68CC
:10650800BA6852680432126802FB03F3FB60BB6886
:106518005B6801221A60BB685B6804337A691A6099
:10652800BB68F9681846FCF7FCFEBB681B687A690B
:106538008149184604F090FF0023FB74BB685B6830
:1065480004331B68012B09D1BB681B681B780D2B12
:1065580004D10123FB7401E00023FB74FB7C002BB6
:1065680025D0764B0D2283F89F24FF22704971486D
:1065780004F072FF6D4B002283F8FF2200237B6139
:106588000DE06F4A7B6913441978684A7B691344A4
:1065980003F500730A461A707B6901337B617B69D6
:1065A800212BEEDD614B002283F822228BE1FF22B2
:1065B8005F49604804F050FF5C4B002283F8FF22DB
:1065C8005A4B002283F800227DE17B681B68002B70
:1065D80033D05948FAF704FB03467B61BB685B6814
:1065E8001B68BA6852680432126802FB03F3FB6046
:1065F800BB685B6801221A60BB685B6804337A6910
:106608001A60BB68F9681846FCF78BFEBB681B6804
:106618007A694949184604F01FFF0023FB74BB68D8
:106628005B6804331B68012B09D1BB681B681B78A6
:106638000D2B04D10123FB7401E00023FB74FB7CC8
:10664800002B25D03D4B0F2283F89F24FF22384989
:10665800384804F001FF354B002283F8FF2200235D
:106668007B610DE0374A7B69134419782F4A7B69AF
:10667800134403F500730A461A707B6901337B6182
:106688007B69132BEEDD294B002283F814221AE1D3
:10669800FF222749274804F0DFFE244B002283F815
:1066A800FF22224B002283F800220CE1234B93F8AF
:1066B800A3341D2B25D9214B0B2283F89F24FF22BD
:1066C8001B491C4804F0C8FE184B002283F8FF221F
:1066D80000237B610DE0144A7B6913441978134A3F
:1066E8007B69134403F500730A461A707B6901330A
:1066F8007B617B69282BEEDD0C4B002283F8292275
:10670800E1E0FF220A490B4804F0A6FE074B0022ED
:1067180083F8FF22054B002283F80022D3E0786833
:10672800FDF770FCCFE000BFFCBA0008D8010020DC
:10673800C8B50008D8030020D802002008050020AA
:1067480028BB00084CBB0008644BD3E956014FF046
:1067580000024FF00003FAF75FF90346002B1AD046
:106768005E4B012283F8A0245C4B072283F89F2408
:10677800FF225B495B4804F06FFE5B4B002283F805
:10678800FF2266225949574804F0B6FE564B0022AC
:1067980083F8662297E0514BD3E956014FF0000287
:1067A800534BFAF739F90346002B00D18BE04B4BDA
:1067B800002283F8A324494B062283F89F24FF2252
:1067C8004749484804F048FE474B002283F8FF2217
:1067D8006B224849434804F08FFE434B002283F85C
:1067E8006B2270E07B681B68002B1AD0FF223C49A3
:1067F800414804F031FE394B002283F89722374B89
:10680800002283F8982135494FF000024FF0000329
:10681800C1E96223314B0A2283F89F24FDF732FE37
:1068280051E0FF222E492F4804F016FE2E4B00227D
:1068380083F8FF222C4B002283F8002243E078687B
:10684800FDF7C6FF3FE07868FEF7E0F93BE07868BF
:10685800FEF788FB37E07B681B68002B19D0FF2206
:106868001F49254804F0F8FD1C4B002283F89722A5
:106878001A4B002283F8982118494FF000021C4B4C
:10688800C1E96223154B0E2283F89F24FEF732FDDF
:1068980019E0FF221249134804F0DEFD124B0022D2
:1068A80083F8FF22104B002283F800220BE078685F
:1068B800FEF7B8FE07E07868FFF7F2F803E07868BB
:1068C800FDF7A4F900BF07F108031846FCF794FE8A
:1068D80000BF00BF1837BD4680BD00BF08050020B7
:1068E800C8B50008D8030020D801002060BB000804
:1068F8000000F03FC8BB0008A006002080B592B099
:1069080000AF78607B6800221A727B6801225A60A7
:106918007B6810337B6201237B770423BB770C4BA6
:10692800BB600023FB6000233B7600233B7780237A
:10693800FB6207F108031846FCF7BAF802467B68C1
:10694800DA607B6801221A7200BF4837BD4680BDF5
:106958000080004080B592B000AF78607B6810334B
:10696800BB6202237B770823BB770A4BBB600023FB
:106978003B6100237B7680233B6307F108031846BD
:10698800FCF796F802467B68DA6000BF4837BD46D8
:1069980080BD00BF0080004080B5A6B000AF786021
:1069A8001D4BBB6000233B7300237B7307F1080377
:1069B8001846FAF7FFFF02467B68DA607B68DB68F7
:1069C80000211846FAF719FC7B68DB680221184693
:1069D800FAF7D8FD7B68DB6802211846FAF782FED1
:1069E8007B68DB6802211846FAF72CFF7B68DB68B6
:1069F8001846FCF7ABFB034687F8973097F89730B3
:106A0800002B05D17B68DB6800211846FCF7B6FB34
:106A180000BF9837BD4680BD0004004080B5A6B0D1
:106A280000AF7860174BBB6000233B7300237B7378
:106A380007F108031846FAF7BDFF02467B68DA60DB
:106A48007B68DB6800211846FAF7D7FB7B68DB68B0
:106A580002211846FAF796FD7B68DB681846FCF7B2
:106A680075FB034687F8973097F89730002B05D1C8
:106A78007B68DB6800211846FCF780FB00BF98376D
:106A8800BD4680BD0008004090B5A9B002AF2E48B1
:106A9800FCF76CFA0346C7F88430D7F8843003F063
:106AA8000103002B14BF01230023DBB287F89330C6
:106AB8002648FCF75BFA0346C7F88430D7F88430D9
:106AC80003F40053002B14BF01230023DBB287F823
:106AD80092301E48FCF74AFA0346C7F88430D7F8C4
:106AE800843003F48063002B14BF01230023DBB23E
:106AF80087F891304FF09040FCF738FA0346C7F812
:106B08008430D7F8843003F40043002B14BF0123EA
:106B18000023DBB287F890300D4BDB68002201219F
:106B28001846FBF707F9C7F88C00D7F88C30002B0C
:106B380010D0074BD86807F18403F91CD7F88C20CC
:106B4800FCF76EF80EE000BF00040048000800489B
:106B580008050020B54BDB681846FBF745FF002306
:106B6800C7F88430FA78B24B83F80021B04B002282
:106B780083F80121AD4B93F8A3340133DAB2AB4B60
:106B880083F8A324A94BD3F89834DBB27E2B09D819
:106B9800A64BD3F89834DBB20133DBB21A46A34BC9
:106BA800C3F89824A14B93F8A434062B07D89F4B1D
:106BB80093F8A4340133DAB29C4B83F8A42497F8F1
:106BC80092301846F9F746FC02460B4643EC102B68
:106BD8009849012000F082FE0346002B14BF0123D0
:106BE8000023DBB21A46944B1A7097F89230184675
:106BF800F9F730FC02460B4643EC102B8F49012075
:106C080000F06CFE0346002B14BF01230023DBB207
:106C18001A468B4B1A7097F893301846F9F71AFCF6
:106C280002460B4643EC102B8649012000F056FE25
:106C38000346002B14BF01230023DBB21A46824B04
:106C48001A7097F893301846F9F704FC02460B4679
:106C580043EC102B7D49012000F040FE0346002B39
:106C680014BF01230023DBB21A46794B1A7097F838
:106C780090301846F9F7EEFB02460B4643EC102B12
:106C88007449012000F02AFE0346002B14BF01239B
:106C98000023DBB21A46704B1A7097F891301846E9
:106CA800F9F7D8FB02460B4643EC102B6B49012041
:106CB80000F014FE0346002B14BF01230023DBB2AF
:106CC8001A46674B1A7097F891301846F9F7C2FBC5
:106CD80002460B4643EC102B6249012000F0FEFDF2
:106CE8000346002B14BF01230023DBB21A465E4B78
:106CF8001A7097F891301846F9F7ACFB02460B4624
:106D080043EC102B5949012000F0E8FD0346002B05
:106D180014BF01230023DBB21A46554B1A7097F8AB
:106D280090301846F9F796FB02460B4643EC102BB9
:106D38005049012000F0D2FD0346002B14BF012367
:106D48000023DBB21A464C4B1A70D7F88430184629
:106D5800F9F780FB02460B4643EC102B474901200C
:106D680000F0BCFD0346002B14BF01230023DBB257
:106D78001A46434B1A70D7F884301846F9F76AFB5D
:106D880002460B4643EC102B3E49012000F0A6FDBD
:106D98000346002B14BF01230023DBB21A463A4BEB
:106DA8001A70224B93F89C34002B35D11F4B0122CB
:106DB80083F89C241D494FF00002344BC1E9562347
:106DC8001A4B022283F89D24FF223149314804F0EE
:106DD80043FB174B002283F8FF220023C7F89430A7
:106DE80011E02D4AD7F8943013441978104AD7F88F
:106DF8009430134403F500730A461A70D7F8943098
:106E08000133C7F89430D7F89430092BE9DD084BE3
:106E1800002283F80A2290E2044B93F89D34012B58
:106E28003CD0022B00F021824BE200BF0805002075
:106E3800D8010020B7090020CA090020B60900209F
:106E4800D2090020B5090020D1090020B40900208A
:106E5800D0090020B3090020CF090020B209002082
:106E6800CE090020B1090020CD090020B00900207A
:106E7800CC090020AF090020CB090020AE09002072
:106E8800C9090020AD090020C80900200000F03F12
:106E9800C8B50008D803002034BC0008A84B1B78EC
:106EA800002B7ED0A74BD3E964014FF00002A64B1C
:106EB800F9F7B2FD0346002B73D0A24B93F8A23426
:106EC800012B02D0022B05D009E09E4B002283F84B
:106ED800A22404E09B4B002283F8A22400BF994B14
:106EE80093F89E34012B02D0022B0ED02DE0FEF732
:106EF80083FF94494FF000024FF00003C1E9562385
:106F0800904B002283F89E241FE08E4B93F8A13407
:106F1800032B10D0032B13DC012B02D0022B05D03E
:106F28000EE0884B002283F8A12409E0854B00225B
:106F380083F8A12404E0834B002283F8A12400BF36
:106F4800804B002283F89E2400BF7E4B032283F8E7
:106F58009D24FF227D497E4804F07EFA7D4B002265
:106F680083F8FF220023C7F8943011E07A4AD7F853
:106F7800943013441978774AD7F89430134403F5BA
:106F880000730A461A70D7F894300133C7F8943062
:106F9800D7F89430392BE9DD6E4B002283F83A227A
:106FA800CAE1684B93F89E34012B05D107F184039D
:106FB8001846FFF707F91CE1684B1B78002B30D007
:106FC800604B93F8A134032B10D0032B13DC012B57
:106FD80002D0022B05D00EE05A4B002283F8A124E0
:106FE80009E0584B002283F8A12404E0554B002205
:106FF80083F8A12400BF534B012283F89E24514BF0
:10700800082283F89F24FF225049514804F024FAAB
:10701800504B002283F8FF224E4B002283F80022B7
:10702800E7E0484BD3F89834DBB2632B06D9454BDD
:107038000022C3F89824FCF709FB0CE0FF2243491F
:10704800434804F009FA434B002283F8FF22414BDE
:10705800002283F800223B4B93F8A134012B02D085
:10706800022B37D084E03B494FF00002364BC1E990
:10707800CA233B4B1B78002B14D0324BD3E9520167
:107088004FF000024FF00003F9F7EEFC0346002B27
:1070980008D02C4B002283F8A3242A4B032283F820
:1070A800A124A1E02F4B1B78002B00F09D80254BDD
:1070B800022283F8A12427494FF000024FF0000371
:1070C800C1E9CA231F494FF000024FF00003C1E98C
:1070D800582389E01F494FF000024FF00003C1E92F
:1070E800CA23214B1B78002B0AD0164B012283F8A8
:1070F800A12418494FF00002134BC1E9CA2375E0D7
:107108001A4B1B78002B71D00E4BD3E952014FF06C
:1071180000024FF00003F9F7A7FC0346002B00D14B
:1071280064E0084B002283F8A324064B032283F86B
:10713800A12408494FF00002034BC1E9CA2355E0D6
:10714800CA090020080500200000F03FC8B5000863
:10715800D8030020D801002040BC0008D109002035
:10716800CF090020CD090020CE090020CB0900203E
:1071780098494FF00002984BC1E9CA23974B1B78F6
:10718800002B1ED1964B93F8A3341C46944BD3E99D
:1071980052014FF00002934BF9F7D6F902460B461D
:1071A80043EC172BB0EE470AF0EE670A03F0B0FE87
:1071B80053EC102B10461946F9F788FC03469C42FD
:1071C80016D3874B022283F8A12482494FF000028C
:1071D8004FF00003C1E9CA2381494FF000024FF084
:1071E8000003C1E9582303E000BF02E000BF00E04C
:1071F80000BF7B4B93F8A234012B1BD175494FF08C
:107208000002754BC1E9C623754B93F8A434042BCF
:1072180040F29280724B002283F8A424704B022221
:1072280083F8A2246B494FF000024FF00003C1E934
:10723800C62381E067494FF000024FF00003C1E91F
:10724800C623674B93F8A434042B75D9644B0022EA
:1072580083F8A424624B012283F8A2245D494FF0ED
:1072680000025D4BC1E9C62366E05D4B032283F84B
:107278009D24FF225C495D4804F0EEF8554B00223E
:1072880083F8FF220023C7F8943011E0584AD7F852
:107298009430134419784F4AD7F89430134403F5BF
:1072A80000730A461A70D7F894300133C7F894303F
:1072B800D7F89430392BE9DD464B002283F83A227F
:1072C8003BE04C4B1B78002B28D0454B012283F820
:1072D8009D24434B012283F89E24414B082283F8C6
:1072E8009F24FF224049414804F0B6F8394B002258
:1072F80083F8FF22374B002283F80022384B002204
:1073080083F8A424364B022283F8A22431494FF093
:1073180000024FF00003C1E9C6230EE0FF22324904
:10732800324804F099F82B4B002283F8FF22294BAE
:10733800002283F8002200E000BF3B1D7F222B497A
:10734800184604F089F8264BD3F89C00391D07F13C
:107358008403009300237F22FBF790FC4FF09043B7
:10736800C7F888301B4BD3E9C6014FF000024FF035
:107378000003F9F751FB0346002B03D12023C7F87C
:10738800943002E00023C7F89430D7F894301946B7
:10739800D7F88800FBF7F6FDD7F89430DB4303F005
:1073A80020031946D7F88800FBF7FAFD124BC7F8F7
:1073B8008830084BD3E9CA014FF000024FF00003B0
:1073C800F9F72AFB0346002B18D10423C7F8943099
:1073D80017E000BFD80100200000F03FCC090020D2
:1073E8000805002000002440C8B50008D803002084
:1073F80040BC0008D2090020000800480023C7F854
:107408009430D7F894301946D7F88800FBF7BAFDBE
:10741800D7F89430DB4303F004031946D7F8880003
:10742800FBF7BEFD214BD3F83C41214BD3E9C023E8
:1074380010461946F9F76AFB034600EE103A204653
:10744800FBF748FE194BD3F83C41194BD3E9C2234B
:1074580010461946F9F75AFB034600EE103A204643
:10746800FBF74CFE114BD3F83C41114BD3E9C42335
:1074780010461946F9F74AFB034600EE103A204633
:10748800FBF750FE094BD3F82C41094BD3E9C8232D
:1074980010461946F9F73AFB034600EE103A204623
:1074A800FBF718FE00BF9C37BD4690BD08050020BD
:1074B800D80100200000000080B500AF684B03220F
:1074C8001A70674B03225A70654B03229A70644BFB
:1074D8000322DA70624B03221A71614B03225A713C
:1074E8005F4B03229A715E4B0322DA715C4B0322D5
:1074F8001A725B4B03225A72594B03229A72594BE8
:10750800032283F8A524574B032283F8A624554B5E
:10751800032283F8A724534B032283F8A824514B52
:10752800032283F8A9244F4B032283F8AA244D4B46
:10753800032283F8AB244B4B032283F8AC24494B3A
:10754800032283F8AD24474B032283F8AE24454B2E
:10755800032283F8AF2444493FA3D3E90023C1E9B8
:10756800C42341494FF00002404BC1E9C8233D49BB
:107578004FF000023E4BC1E950233A494FF0000258
:107588003C4BC1E95623FF223B493C4803F064FFCA
:10759800354B002283F8FF22FF223749384803F091
:1075A8005BFF304B002283F89722FF22324935488F
:1075B80003F052FF2B4B002283F89723FF222E491A
:1075C800314803F049FF274B002283F89724254BC5
:1075D80000225A60234B00221A702248FFF78EF9C6
:1075E800204B002283F890201E4B002283F898201D
:1075F8001C4B0122C3F894202448FFF7ABF9194B20
:10760800012283F89820174B002283F83021154B6C
:10761800002283F83821134B0122C3F834211C4877
:10762800FFF7BAF90F4B012283F838210D4B0022DE
:1076380083F820210B4B002283F82821094B0122D3
:10764800C3F824211348FFF7E9F9064B012283F810
:10765800282100BF80BD00BF0000000000E06F408F
:10766800B809002008050020D801002000001440B7
:10767800000030400000F03FC8B50008D8030020E3
:10768800A0060020A0070020A008002098050020E0
:10769800380600202806002080B500AF454B1B782F
:1076A800002B0FD1434B01221A70424B5B68012B10
:1076B80008D1404B1B7A002B04D03E4BDB681846A0
:1076C800FBF746FB3B4B93F89030002B13D1394B1B
:1076D800012283F89020374BD3F89430012B0AD13C
:1076E800344B93F89830002B05D0324BD3F89C30AC
:1076F8001846FBF72DFB2F4B93F83031002B2FD179
:107708002C4B012283F830212A4BD3F83431012B3A
:1077180026D1284B93F83831002B21D0254BD3F8AC
:107728003C311846FBF7B6FD224BD3F83C3100211B
:107738001846F9F744FE1F4BD3F83C31022118468E
:10774800F9F778FF1B4BD3F83C3102211846FAF7BA
:1077580021F8184BD3F83C3102211846FAF7CEF835
:10776800144B93F82031002B21D1124B012283F8BE
:107778002021104BD3F82431012B18D10D4B93F84D
:107788002831002B13D00B4BD3F82C311846FBF7BC
:1077980081FD084BD3F82C3100211846F9F70FFE6C
:1077A800044BD3F82C3102211846F9F743FF00BFE8
:1077B80080BD00BF0805002080B500AF0F4B1B78C7
:1077C8005A1CD1B20D4A1170002B09D00C4B012262
:1077D8001A600A4B1B78013BDAB2084B1A700BE0AF
:1077E80062B600BFFFF750F972B600BF034B1B78B3
:1077F800013BDAB2014B1A7080BD00BFD8090020E6
:10780800D409002080B584B000AF786039602E4B71
:10781800FB604FF08343BB602C4B00221A702C4B4B
:1078280000221A7001DF02F08BF900F089FF00F0E6
:10783800E7F801F09DF901F081F900F0BDFF01F0D2
:107848005FF801F00FF9234B1B6800221A60FFF75D
:1078580033FE72B600BF97ED030A00F08DF91D4B99
:107868001B681B68002B0CBF01230023DBB21A46E0
:10787800174B1A7062B600BF62B600BF15E0154B11
:107888001B681B68002B14BF01230023DBB21A46B8
:107898000E4B1A700D4B1B78DBB2002B05D00E4B2C
:1078A8001B680D4A23F001031360094B1B78DBB2F8
:1078B800002BE4D1FFF7F0FE72B600BF0023184694
:1078C8001037BD4680BD00BFCDCCCC3DD9090020C6
:1078D800DA090020DCB5000810E000E080B586B0C9
:1078E80000AF0346B96087ED000BFB730023BB753F
:1078F800BB681B789B083B75BB681B7803F00303C8
:10790800FB744FF000024FF00003D7E90001F9F7CC
:10791800ABF80346002B01D001230DE04FF0000225
:107928004FF00003D7E90001F9F780F80346002B70
:1079380001D0022300E00023BB74FA7CBB7C2F49F2
:1079480092000A4413441B787B7597F90F30012B7A
:107958000CD0012B0DDCB3F1FF3F04D0002B08D174
:107968003F23FB7508E03823FB7505E00723FB750B
:1079780002E00023FB7500BF7A7DFB7D1340DBB27C
:10798800002B18D03B7D03F00203002B04D07B7D35
:1079980003F00403002B0BD13B7D03F01003002BF5
:1079A80004D07B7D03F02003002B01D17B7D00E018
:1079B80000237B7501E000237B757B7D9B007B7436
:1079C800BA7C7B7C1343DAB2BB681A707B7D03F008
:1079D8003803002B02D0FF23BB7509E07B7D03F041
:1079E8000703002B02D00123BB7501E00023BB7500
:1079F80097F9163018461837BD4680BD7CBC00087C
:107A080080B400AF00BFBD465DF8047B704700BF7F
:107A180010B54FF0804482B0636A019302F0BAF85F
:107A28000090626A019B9A4207D3009B01984FF429
:107A38007A7202FB030002B010BD02F0ABF8636A71
:107A48004FF47A7202FB003002B010BD10B5044644
:107A580041B9FFF7DDFF0346181BA34238BF00F109
:107A6800FF3010BD02F096F80346181BA34238BF3A
:107A780000F1FF3010BD00BF80B483B000AF0346F3
:107A88003960FB7197F90730002B0ADB3B68DAB2E3
:107A98000C4997F907301201D2B20B4483F800233E
:107AA8000AE03B68DAB20849FB7903F00F03043BAC
:107AB8001201D2B20B441A7600BF0C37BD465DF8EE
:107AC800047B704700E100E000ED00E080B582B083
:107AD80000AF78607B68013BB3F1807F01D301235D
:107AE8000FE00A4A7B68013B53600F214FF0FF30DB
:107AF800FFF7C2FF054B00229A60044B07221A6069
:107B0800002318460837BD4680BD00BF10E000E0DE
:107B180080B500AFBFF34F8F00BFBFF36F8F00BFBB
:107B28000B4B1A680B4B1B689A4202D3084B002276
:107B38001A60074B1B685A1C05490A60002B05D1BF
:107B480072B600BFFFF738FE62B600BF00BF80BD47
:107B5800DC090020E009002080B400AF054B5B6819
:107B6800044A43F08053536000BFBD465DF8047B70
:107B7800704700BF00ED00E080B584B000AF87ED2E
:107B8800010A234B1B6807EE903AB8EE677AD7EDE7
:107B9800017A67EE277AFCEEE77A17EE903AFB60F7
:107BA800FB68B3F1807F18D3FB6807EE903AB8EE14
:107BB800677ADFED186AC7EE267AFCEEE77A17EEE9
:107BC800903A0133144A1360134B1B68FA68B2FBEE
:107BD800F3F31846FFF77AFF05E00F4B00221A600F
:107BE800F868FFF773FF0D4B00221A600C4A0D4B23
:107BF8001A600F216FF00400FFF73EFF0F216FF0AE
:107C08000100FFF739FF00BF1037BD4680BD00BF38
:107C180008000020FFFF7F4BE0090020DC0900205E
:107C2800197B0008E4090020EFF3008001B5EFF3A9
:107C3800118003B41EF0100F08BFB0EE400A0A48C6
:107C4800006803B488B004A006904FF080700790D5
:107C58006FF006008646704703BC8047BFF36F8FFE
:107C680000DFFEE700BF0000E40900201EF0100F4F
:107C780008BFB0EE400A1EF0040F0CBFEFF30880F7
:107C8800EFF30980816911F8020C10B101280DD0B9
:107C98000BE01EF0100F0CBF1AB008B003BC80F345
:107CA800118803BC80F300880847FEE74EF614519C
:107CB800CEF200010A6842F001020A607047F4E758
:107CC80000BF00BF80B400AF044BDB681B0A03F0A1
:107CD80007031846BD465DF8047B704700ED00E0D9
:107CE80080B483B000AF0346FB7197F90730002BCF
:107CF8000BDBFB7903F01F02074997F907305B0993
:107D0800012000FA02F241F8232000BF0C37BD46DB
:107D18005DF8047B704700BF00E100E080B483B0E9
:107D280000AF03463960FB7197F90730002B0ADB77
:107D38003B68DAB20C4997F907301201D2B20B440A
:107D480083F800230AE03B68DAB20849FB7903F0BC
:107D58000F03043B1201D2B20B441A7600BF0C3752
:107D6800BD465DF8047B704700E100E000ED00E0EF
:107D780080B489B000AFF860B9607A60FB6803F03E
:107D88000703FB61FB69C3F10703042B28BF042326
:107D9800BB61FB690433062B02D9FB69033B00E096
:107DA80000237B614FF0FF32BB6902FA03F3DA4329
:107DB800BB681A407B699A404FF0FF317B6901FA32
:107DC80003F3D9437B680B40134318462437BD4659
:107DD8005DF8047B7047000080B487B000AFF8609E
:107DE800B9607A60FB687B610E4ABB6813441B78F4
:107DF8001A467B6913441B6823F4804323F010035D
:107E08000849BA680A44127811467A690A44114640
:107E18007A6813430B6000BF1C37BD465DF8047BCE
:107E2800704700BF8CBC000880B487B000AFF86012
:107E3800B9607A60FB687B610D4ABB6813441B78A4
:107E48001A467B6913441B6823F020020849BB6863
:107E58000B441B7819467B690B4419467B6813430E
:107E68000B6000BF1C37BD465DF8047B704700BF40
:107E78008CBC000880B487B000AFF860B9607A6045
:107E8800FB687B610D4ABB6813441B781A467B6903
:107E980013441B6823F040020849BB680B441B7855
:107EA80019467B690B4419467B6813430B6000BF76
:107EB8001C37BD465DF8047B704700BF8CBC0008CA
:107EC80080B487B000AFF860B9607A60FB687B6106
:107ED8000D4ABB6813441B781A467B6913441B6818
:107EE80023F080020849BB680B441B7819467B695C
:107EF8000B4419467B6813430B6000BF1C37BD4613
:107F08005DF8047B704700BF8CBC000880B487B064
:107F180000AFF860B9607A60FB687B610D4ABB68A6
:107F280013441B781A467B6913441B6823F4407278
:107F38000849BB680B441B7819467B690B441946F2
:107F48007B6813430B6000BF1C37BD465DF8047B9C
:107F5800704700BF8CBC000880B487B000AFF860E1
:107F6800B9607A60FB687B610D4ABB6813441B7873
:107F78001A467B6913441B6823F440620849BB68AE
:107F88000B441B7819467B690B4419467B681343DD
:107F98000B6000BF1C37BD465DF8047B704700BF0F
:107FA8008CBC000880B487B000AFF860B9607A6014
:107FB800FB687B610D4ABB6813441B781A467B69D2
:107FC80013441B6823F440520849BB680B441B78D0
:107FD80019467B690B4419467B6813430B6000BF45
:107FE8001C37BD465DF8047B704700BF8CBC000899
:107FF80080B487B000AFF860B9607A60FB689B0A0C
:1080080083F4801383F08003DB007B61BA687B69AB
:1080180013449B0003F1804303F502331B6823F0EC
:10802800FF01BA687B6913449B0003F1804303F5A1
:1080380002337A680A431A6000BF1C37BD465DF8F0
:10804800047B704780B483B000AF78607B681B689E
:1080580043F001027B681A6000BF0C37BD465DF82B
:10806800047B704780B483B000AF78607B681B687E
:1080780023F000527B681A6000BF0C37BD465DF8DC
:10808800047B704780B489B000AF786039607B6842
:108098000833FB60FB6853E8003FBB60BB6823F014
:1080A80060423B685B071343FB617B680833FA69EE
:1080B800BA617B617969BA6941E800233B613B6930
:1080C800002BE4D100BF00BF2437BD465DF8047B18
:1080D800704780B489B000AF786039607B68083336
:1080E800FB60FB6853E8003FBB60BB6823F060623D
:1080F8003B685B061343FB617B680833FA69BA6126
:108108007B617969BA6941E800233B613B69002BCF
:10811800E4D100BF00BF2437BD465DF8047B70473B
:1081280080B483B000AF78607B68DB6903F4001328
:10813800B3F5001F01D1012300E0002318460C37D6
:10814800BD465DF8047B704780B483B000AF7860AB
:108158007B68DB6903F48003B3F5800F01D1012349
:1081680000E0002318460C37BD465DF8047B7047D5
:1081780080B400AF054B1B68044A43F48073136056
:1081880000BFBD465DF8047B704700BF0010024089
:1081980080B400AF074B1B6803F48063B3F5806FAE
:1081A80001D1012300E000231846BD465DF8047B99
:1081B800704700BF0010024080B483B000AF786001
:1081C800074B5B6823F0FE427B681B060449134398
:1081D8004B6000BF0C37BD465DF8047B704700BF9D
:1081E8000010024080B483B000AF7860064B9B68F3
:1081F80023F0030204497B6813438B6000BF0C37EC
:10820800BD465DF8047B70470010024080B400AFA3
:10821800044B9B6803F00C031846BD465DF8047BCD
:10822800704700BF0010024080B483B000AF786090
:10823800064B9B6823F0F00204497B6813438B606C
:1082480000BF0C37BD465DF8047B70470010024044
:1082580080B483B000AF7860064B9B6823F4E0627B
:1082680004497B6813438B6000BF0C37BD465DF83B
:10827800047B70470010024080B483B000AF786080
:10828800064B9B6823F4605204497B6813438B6058
:1082980000BF0C37BD465DF8047B704700100240F4
:1082A80080B483B000AF7860074BD3F8883023F4EC
:1082B800406205497B681343C1F8883000BF0C371A
:1082C800BD465DF8047B70470010024080B485B05D
:1082D80000AF7860084B9A6C07497B6813438B643E
:1082E800054B9A6C7B681340FB60FB6800BF143732
:1082F800BD465DF8047B70470010024080B485B02D
:1083080000AF7860084BDA6C07497B681343CB648D
:10831800054BDA6C7B681340FB60FB6800BF1437C1
:10832800BD465DF8047B70470010024080B485B0FC
:1083380000AF7860084B9A6D07497B6813438B65DB
:10834800054B9A6D7B681340FB60FB6800BF1437D0
:10835800BD465DF8047B70470010024080B485B0CC
:1083680000AF7860084BDA6D07497B681343CB652B
:10837800054BDA6D7B681340FB60FB6800BF143760
:10838800BD465DF8047B70470010024080B487B09A
:1083980000AF78603960184A3B6803F00303023382
:1083A80052F823203B681B0CDB4302EA03013B68BD
:1083B8001B0C3B613B6993FAA3F3FB60FB687B6191
:1083C8007B69002B01D1202303E07B69B3FA83F397
:1083D800DBB203F01F037A689A4007483B6803F052
:1083E80003030A43023340F8232000BF1C37BD466D
:1083F8005DF8047B704700BF0000014080B483B083
:1084080000AF7860064B1B6823F00F0204497B68B5
:1084180013430B6000BF0C37BD465DF8047B704703
:108428000020024080B400AF044B1B6803F00F0328
:108438001846BD465DF8047B704700BF0020024027
:1084480080B483B000AF7860064B1B6823F4C06229
:1084580004497B6813430B6000BF0C37BD465DF8C9
:10846800047B70470070004080B483B000AF786030
:108478007B681B6823F080027B681A6000BF0C379A
:10848800BD465DF8047B704780B485B000AF786066
:1084980039603B68012B2ED03B68042B29D03B6800
:1084A800102B24D03B68402B1FD03B68B3F5807F4E
:1084B80019D03B68B3F5806F13D03B68B3F5805F84
:1084C8000DD03B68B3F5804F07D03B68B3F5803FCC
:1084D80001D1082310E009230EE007230CE006234E
:1084E8000AE0052308E0042306E0032304E002234E
:1084F80002E0012300E00023FB737B681833194670
:10850800FB7B0B4AD35C0B44BB60BB681A68FB7BE4
:108518000849CB5C194604238B40DB431A40BB68EF
:108528001A6000BF1437BD465DF8047B704700BF72
:1085380094BC0008A0BC000880B485B000AF786087
:1085480039603B68012B2ED03B68042B29D03B684F
:10855800102B24D03B68402B1FD03B68B3F5807F9D
:1085680019D03B68B3F5806F13D03B68B3F5805FD3
:108578000DD03B68B3F5804F07D03B68B3F5803F1B
:1085880001D1082310E009230EE007230CE006239D
:108598000AE0052308E0042306E0032304E002239D
:1085A80002E0012300E00023FB737B6818331946BF
:1085B800FB7B0A4AD35C0B44BB60BB681A68FB7B35
:1085C8000749CB5C194608238B401A43BB681A60DD
:1085D80000BF1437BD465DF8047B704794BC0008A3
:1085E800A0BC000880B483B000AF786039607B68B5
:1085F8005B6823F0007323F070033A681A437B68C2
:108608005A6000BF0C37BD465DF8047B704780B4E4
:1086180083B000AF78607B689B6823F080027B683A
:108628009A6000BF0C37BD465DF8047B704780B484
:108638008BB000AFF860B9607A60FB681A68BB68F5
:108648007B617B6993FAA3F33B613B69BB61BB69BF
:10865800002B01D1202303E0BB69B3FA83F3DBB21B
:108668005B00032101FA03F3DB431A40BB683B625A
:108678003B6A93FAA3F3FB61FB697B627B6A002B7D
:1086880001D1202303E07B6AB3FA83F3DBB25B00FA
:10869800796801FA03F31A43FB681A6000BF2C37A4
:1086A800BD465DF8047B704780B48BB000AFF860BE
:1086B800B9607A60FB68DA68BB687B617B6993FAAA
:1086C800A3F33B613B69BB61BB69002B01D120234C
:1086D80003E0BB69B3FA83F3DBB25B00032101FA61
:1086E80003F3DB431A40BB683B623B6A93FAA3F38C
:1086F800FB61FB697B627B6A002B01D1202303E0CD
:108708007B6AB3FA83F3DBB25B00796801FA03F39F
:108718001A43FB68DA6000BF2C37BD465DF8047B5E
:10872800704780B483B000AF786039607B683A687E
:108738009A6200BF0C37BD465DF8047B70470000A5
:1087480080B500AF0020FFF759FE00BFFFF76AFEB3
:108758000346002BFAD14FF40070FFF771FEFFF7C4
:1087680007FD00BFFFF714FD0346012BFAD1402097
:10877800FFF722FD0120FFF735FD00BFFFF746FD9B
:108788000346042BFAD10020FFF74EFD0020FFF727
:108798005FFD0020FFF770FD064800F097FB0F20F3
:1087A80000F026FB0346002B01D000F094FA00BF2E
:1087B80080BD00BF0024F40080B58EB000AF07F183
:1087C8001C0300221A605A609A60DA601A615A61C2
:1087D8009A613B1D00221A605A609A60DA601A6139
:1087E8005A610020FFF75CFD0120FFF7B7FD01206B
:1087F800FFF784FD04237B600223BB600023FB603A
:1088080000233B6100237B610C23BB613B1D1946A0
:108818004FF0904000F0DBFE08237B600223BB6032
:108828000023FB6000233B6100237B610C23BB61B9
:108838003B1D19464FF0904000F0C9FE222200214E
:108848002D48FFF7D5FB002200212B48FFF7C4FA7B
:10885800002200212848FFF7A5FB00220021264816
:10886800FFF7E2FA002200212348FFF703FB8022EA
:1088780000212148FFF724FB002200211E48FFF7B2
:1088880045FB002200211C48FFF766FB0023FB6123
:108898004FF4E1333B6200237B620023BB62002379
:1088A800FB620C233B6300237B6307F11C0319461F
:1088B800124800F093FF00211048FFF7E3FB002166
:1088C8000E48FFF706FC0D48FFF7CCFB0B48FFF7F7
:1088D800B9FB00BF0948FFF723FC0346002BF9D07A
:1088E8000648FFF731FC0346002BF3D000BF00BF5A
:1088F8003837BD4680BD00BF000002400080004000
:1089080080B594B000AF07F13C0300221A605A60AA
:108918009A60DA601A6107F11C03202200211846C8
:1089280002F092FD3B1D00221A605A609A60DA60DC
:108938001A615A610220FFF7F9FC0F23BB87002355
:108948003B6463237B640023BB6407F13C03194643
:10895800424801F06FFE4148FFF786FD01213F487C
:10896800FFF7EAFD6023FB6100233B6200237B6283
:108978000023BB620023FB6207F11C031A46012196
:10898800364801F0F9FE01213448FFF77DFD10213A
:108998003248FFF7D1FD07F11C031A4610212F4872
:1089A80001F0EAFE10212D48FFF76EFD4FF48051CB
:1089B8002A48FFF7C1FD07F11C031A464FF48051FE
:1089C800264801F0D9FE4FF480512448FFF75CFD9A
:1089D80000212248FFF706FE2048FFF718FE012075
:1089E800FFF78CFC0420FFF789FC40237B600223FF
:1089F800BB600023FB6000233B6100237B610223F3
:108A0800BB613B1D19464FF0904000F0E0FD80230C
:108A18007B600223BB600023FB6000233B610023D3
:108A28007B610223BB613B1D19460D4800F0CFFD59
:108A38004FF400737B600223BB600023FB600023BC
:108A48003B6100237B610223BB613B1D194604483F
:108A580000F0BDFD00BF5037BD4680BD000400409A
:108A68000008004880B594B000AF07F13C0300222D
:108A78001A605A609A60DA601A6107F11C032022B2
:108A88000021184602F0E0FC3B1D00221A605A60E3
:108A98009A60DA601A615A610420FFF747FC40F2D5
:108AA8003F13BB8700233B6440F2E7337B6400231A
:108AB800BB6407F13C0319461E4801F0BBFD1D4885
:108AC800FFF7D2FC01211B48FFF736FD6023FB614D
:108AD80000233B6200237B620023BB620023FB620E
:108AE80007F11C031A460121124801F045FE012135
:108AF8001048FFF7C9FC00210E48FFF773FD0D4829
:108B0800FFF785FD0220FFF7F9FB40237B60022376
:108B1800BB600023FB6000233B6100237B610223D1
:108B2800BB613B1D1946044800F051FD00BF50379A
:108B3800BD4680BD000800400004004880B500AF75
:108B48000420FFF7C3FB0120FFF7C0FBFFF7BAF8CB
:108B58000346002200211846FFF70AF90346194682
:108B68000B20FFF7DBF80B20FFF7BAF800BF80BD3A
:108B780080B58AB000AF07F11C0300221A605A6062
:108B88009A603B1D00221A605A609A60DA601A6186
:108B98005A610420FFF7B2FB2020FFF7AFFB01204A
:108BA800FFF7ACFB0220FFF7A9FB04213F48FFF7C2
:108BB800B8FD20214FF09040FFF7B3FD3C4902205B
:108BC800FFF7E4FB4FF40053FB61012387F82430DF
:108BD800002387F82530012387F8263007F11C0386
:108BE800184600F0B3FA00224FF400512F48FFF75F
:108BF8005BFD00224FF400512C48FFF718FD0423B9
:108C08007B600123BB600023FB6000233B610023E2
:108C18007B613B1D1946254800F0D9FC20237B6069
:108C28000123BB600023FB6000233B6100237B61C1
:108C38003B1D19464FF0904000F0C9FC01237B60B2
:108C48000023BB6001237B613B1D1946194800F0D6
:108C5800BEFC4FF400437B600023BB6001237B61B3
:108C68003B1D19464FF0904000F0B1FC4FF4806373
:108C78007B600023BB6001237B613B1D19460B48C9
:108C880000F0A5FCFFF71EF8034600220021184655
:108C9800FFF76EF8034619462820FFF73FF828200B
:108CA800FFF71EF800BF2837BD4680BD0008004802
:108CB8000300F0000004004880B582B000AF78607F
:108CC8007B681B68B3F1804F01D100F051FF00BFF2
:108CD8000837BD4680BD80B400AF72B600BF00BF84
:108CE800FDE7000080B483B000AF7860074B5A6995
:108CF8007B6813407A689A4201D1012300E000237F
:108D080018460C37BD465DF8047B704700040140E7
:108D180080B483B000AF7860044A7B68536100BFB9
:108D28000C37BD465DF8047B704700BF0004014066
:108D380080B400AF00BFFDE780B400AF00BFFDE71F
:108D480080B400AF00BFFDE780B400AF00BFFDE70F
:108D580080B400AF00BFFDE780B400AF00BFBD46E0
:108D68005DF8047B704780B400AF00BFBD465DF876
:108D7800047B704780B500AF024801F035F900BFA9
:108D880080BD00BFE809002080B500AF4FF4005057
:108D9800FFF7A8FF0346002B03D04FF40050FFF75E
:108DA800B7FF00BF80BD000080B582B000AF0F4B99
:108DB8001B6E0E4A43F0010313660C4B1B6E03F047
:108DC80001037B607B68094B9B6D084A43F0805325
:108DD8009365064B9B6D03F080533B603B6800F046
:108DE80039FF00BF0837BD4680BD00BF00100240F4
:108DF80080B58CB000AF78600023BB6200237B6233
:108E0800002387F82F302D4B9B6D2C4A43F001032C
:108E180093652A4B9B6D03F00103BB60BB6807F1A8
:108E28000C0207F110031146184600F0E1FE00F0AD
:108E3800C9FEB862BB6A224AA2FB03239B0C013B12
:108E48007B62204B4FF080421A601E4B40F2E732A3
:108E5800DA601C4A7B6A53601A4B00221A61194B6C
:108E680000229A60174800F0E5FF034687F82F3084
:108E780097F82F30002B1BD1124801F03DF803461C
:108E880087F82F3097F82F30002B11D11C2000F0D5
:108E9800C3FF7B680F2B08D8002279681C2000F0DC
:108EA800A1FF094A7B68136002E0012387F82F308D
:108EB80097F82F3018463037BD4680BD0010024065
:108EC80083DE1B43E80900200000002080B483B043
:108ED80000AF7860044A7B68136000BF0C37BD465A
:108EE8005DF8047B704700BF0800002080B483B0A1
:108EF80000AF7860054B1A6804497B6813430B6020
:108F080000BF0C37BD465DF8047B70470004014084
:108F180080B483B000AF7860054B1A6A04497B6857
:108F280013430B6200BF0C37BD465DF8047B7047E6
:108F38000004014080B483B000AF7860064B1A6823
:108F48007B68DB43044913400B6000BF0C37BD4608
:108F58005DF8047B704700BF0004014080B483B013
:108F680000AF7860064B1A6A7B68DB4304491340FC
:108F78000B6200BF0C37BD465DF8047B704700BF2D
:108F88000004014080B483B000AF7860054B5A6894
:108F980004497B6813434B6000BF0C37BD465DF83E
:108FA800047B70470004014080B483B000AF786050
:108FB800054B5A6A04497B6813434B6200BF0C3760
:108FC800BD465DF8047B70470004014080B483B05F
:108FD80000AF7860064B5A687B68DB43044913404E
:108FE8004B6000BF0C37BD465DF8047B704700BF7F
:108FF8000004014080B483B000AF7860064B5A6A21
:109008007B68DB43044913404B6200BF0C37BD4605
:109018005DF8047B704700BF0004014080B483B052
:1090280000AF7860054B9A6804497B6813438B60EE
:1090380000BF0C37BD465DF8047B70470004014053
:1090480080B483B000AF7860054B9A6A04497B68A6
:1090580013438B6200BF0C37BD465DF8047B704735
:109068000004014080B483B000AF7860064B9A6872
:109078007B68DB43044913408B6000BF0C37BD4657
:109088005DF8047B704700BF0004014080B483B0E2
:1090980000AF7860064B9A6A7B68DB43044913404B
:1090A8008B6200BF0C37BD465DF8047B704700BF7C
:1090B8000004014080B483B000AF7860054BDA68E3
:1090C80004497B681343CB6000BF0C37BD465DF88D
:1090D800047B70470004014080B483B000AF78601F
:1090E800054BDA6A04497B681343CB6200BF0C372F
:1090F800BD465DF8047B70470004014080B483B02E
:1091080000AF7860064BDA687B68DB43044913409C
:10911800CB6000BF0C37BD465DF8047B704700BFCD
:109128000004014080B483B000AF7860064BDA6A6F
:109138007B68DB4304491340CB6200BF0C37BD4654
:109148005DF8047B704700BF0004014080B584B01F
:1091580000AF78600023FB607B681B7A002B00F06F
:10916800D2807B681B68002B63D07B685B7A022BFC
:109178001CD0022B25DC002B02D0012B0BD020E0C9
:109188007B681B681846FFF721FF7B681B68184639
:10919800FFF7ACFE18E07B681B681846FFF7CAFEAD
:1091A8007B681B681846FFF7EDFE0DE07B681B68BF
:1091B8001846FFF79BFE7B681B681846FFF7E2FE20
:1091C80002E00123FB6000BF7B689B7A002B30D054
:1091D8007B689B7A032B1CD0032B25DC012B02D048
:1091E800022B0BD020E07B681B681846FFF786FF30
:1091F8007B681B681846FFF711FF1AE07B681B683D
:109208001846FFF72FFF7B681B681846FFF752FFC9
:109218000FE07B681B681846FFF700FF7B681B6838
:109228001846FFF747FF04E0FB6843F00203FB60C2
:1092380000BF7B685B68002B79D07B685B7A022B68
:109248001CD0022B25DC002B02D0012B0BD020E0F8
:109258007B685B681846FFF7CDFE7B685B6818463D
:10926800FFF756FE1AE07B685B681846FFF776FE44
:109278007B685B681846FFF797FE0FE07B685B68C2
:109288001846FFF745FE7B685B681846FFF78CFEBB
:1092980004E0FB6843F00403FB6000BF7B689B7A33
:1092A800002B44D07B689B7A032B1CD0032B25DC36
:1092B800012B02D0022B0BD020E07B685B6818469C
:1092C800FFF730FF7B685B681846FFF7B9FE2EE0B2
:1092D8007B685B681846FFF7D9FE7B685B681846B1
:1092E800FFF7FAFE23E07B685B681846FFF7A8FEE5
:1092F8007B685B681846FFF7EFFE18E0FB6843F0F1
:109308000503FB6013E07B681B681846FFF712FE35
:109318007B681B681846FFF759FE7B685B68184630
:10932800FFF71CFE7B685B681846FFF763FEFB6867
:1093380018461037BD4680BD80B48BB000AFF860CA
:10934800B9607A60FB681A68BB687B617B6993FACD
:10935800A3F33B613B69BB61BB69002B01D12023AF
:1093680003E0BB69B3FA83F3DBB25B00032101FAC4
:1093780003F3DB431A40BB683B623B6A93FAA3F3EF
:10938800FB61FB697B627B6A002B01D1202303E030
:109398007B6AB3FA83F3DBB25B00796801FA03F303
:1093A8001A43FB681A6000BF2C37BD465DF8047B82
:1093B800704780B485B000AFF860B9607A60FB6828
:1093C8005A68BB68DB431A40BB68796801FB03F342
:1093D8001A43FB685A6000BF1437BD465DF8047B2A
:1093E800704780B48BB000AFF860B9607A60FB68F2
:1093F8009A68BB687B617B6993FAA3F33B613B691D
:10940800BB61BB69002B01D1202303E0BB69B3FA20
:1094180083F3DBB25B00032101FA03F3DB431A4059
:10942800BB683B623B6A93FAA3F3FB61FB697B620F
:109438007B6A002B01D1202303E07B6AB3FA83F314
:10944800DBB25B00796801FA03F31A43FB689A60A0
:1094580000BF2C37BD465DF8047B704780B48BB0E5
:1094680000AFF860B9607A60FB68DA68BB687B6156
:109478007B6993FAA3F33B613B69BB61BB69002B32
:1094880001D1202303E0BB69B3FA83F3DBB25B00AD
:10949800032101FA03F3DB431A40BB683B623B6AD2
:1094A80093FAA3F3FB61FB697B627B6A002B01D112
:1094B800202303E07B6AB3FA83F3DBB25B007968AD
:1094C80001FA03F31A43FB68DA6000BF2C37BD4684
:1094D8005DF8047B704780B48BB000AFF860B9606A
:1094E8007A60FB681A6ABB687B617B6993FAA3F3AD
:1094F8003B613B69BB61BB69002B01D1202303E0C1
:10950800BB69B3FA83F3DBB29B000F2101FA03F3C3
:10951800DB431A40BB683B623B6A93FAA3F3FB61E7
:10952800FB697B627B6A002B01D1202303E07B6A05
:10953800B3FA83F3DBB29B00796801FA03F31A43A9
:10954800FB681A6200BF2C37BD465DF8047B704784
:1095580080B48BB000AFF860B9607A60FB685A6A73
:10956800BB681B0A7B617B6993FAA3F33B613B6988
:10957800BB61BB69002B01D1202303E0BB69B3FAAF
:1095880083F3DBB29B000F2101FA03F3DB431A409C
:10959800BB681B0A3B623B6A93FAA3F3FB61FB6956
:1095A8007B627B6A002B01D1202303E07B6AB3FA3C
:1095B80083F3DBB29B00796801FA03F31A43FB6873
:1095C8005A6200BF2C37BD465DF8047B704780B5F2
:1095D80088B000AF786039603B681B683B613B69C5
:1095E80093FAA3F3FB60FB687B617B69002B01D1D5
:1095F800202303E07B69B3FA83F3DBB2FB6148E025
:109608003B681A680121FB6901FA03F31340BB6147
:10961800BB69002B3AD03B685B68012B03D03B68E1
:109628005B68022B0ED13B689B681A46B96978685B
:10963800FFF7D7FE3B6819683B68DB681A4678680D
:10964800FFF7B7FE3B681B691A46B9697868FFF7E8
:1096580005FF3B685B68022B11D1BB69FF2B07D85C
:109668003B685B691A46B9697868FFF734FF06E01A
:109678003B685B691A46B9697868FFF769FF3B6818
:109688005B681A46B9697868FFF756FEFB690133CB
:10969800FB613B681A68FB6922FA03F3002BAFD120
:1096A800002318462037BD4680BD80B483B000AF84
:1096B80078607B681B6803F00103012B01D101234B
:1096C80000E0002318460C37BD465DF8047B704760
:1096D80080B483B000AF786039607B68DB6A23F0C0
:1096E8000F033A6892B21A437B68DA6200BF0C37FC
:1096F800BD465DF8047B704780B483B000AF7860E6
:1097080039607B685B6823F440523B681A437B6886
:109718005A6000BF0C37BD465DF8047B704780B4C3
:1097280083B000AF786039607B689B6823F440722F
:109738003B681A437B689A6000BF0C37BD465DF8EA
:10974800047B70472DE9B04F88B000AFF861B9616C
:109758007A613B613B69002B39D0BB690022BB6051
:10976800FA607B699BB21A461B4B33F812309BB2E6
:1097780000223B607A60D7E90023D7E90201F7F7B6
:1097880015FA02460B46104619464FF000024FF0F4
:1097980000030B0243EA10630202396949080020FA
:1097A8000C46054612EB040843EB05093B69002209
:1097B8009A46934652465B4640464946F7F7F6F9BD
:1097C80002460B461346C3F31302FB69DA6000BF77
:1097D8002037BD46BDE8B08FACBC000880B584B06A
:1097E80000AF786039600123FB737868FFF75DFF8D
:1097F8000346002B36D17B681A681D4B13403A6824
:1098080091683A68126911433A6852690A431A43DF
:109818007B681A603B68DB6819467868FFF76CFF5D
:109828003B689B6919467868FFF779FF4FF44060F9
:1098380000F0BCF8B860BB68002B0DD03B685B68D3
:10984800002B09D00023FB733B681A683B685B68F0
:10985800B9687868FFF776FF3B681B68194678682F
:10986800FFF736FFFB7B18461037BD4680BD00BFAB
:10987800F3E9FFEF80B400AF074B1B6803F4806384
:10988800B3F5806F01D1012300E000231846BD46DF
:109898005DF8047B704700BF0010024080B400AF41
:1098A800074BD3F8903003F00203022B01D10123B8
:1098B80000E000231846BD465DF8047B704700BFF2
:1098C8000010024080B400AF044B9B6803F00C0307
:1098D8001846BD465DF8047B704700BF0010024083
:1098E80080B400AF044B9B6803F0F0031846BD46F4
:1098F8005DF8047B704700BF0010024080B400AFE1
:10990800044B9B6803F4E0631846BD465DF8047B8E
:10991800704700BF0010024080B483B000AF786089
:10992800054BD3F888207B68134018460C37BD4692
:109938005DF8047B704700BF0010024080B400AFA0
:10994800044BDB6803F003031846BD465DF8047B4F
:10995800704700BF0010024080B400AF044BDB68C2
:109968001B0A03F07F031846BD465DF8047B704769
:109978000010024080B400AF044BDB6803F0C06302
:109988001846BD465DF8047B704700BF00100240D2
:1099980080B400AF044BDB6803F0F0031846BD4603
:1099A8005DF8047B704700BF0010024080B584B0AA
:1099B80000AF78600023FB607868FFF7ADFF0346CF
:1099C800B3F5406F15D0B3F5406F1BD8B3F5806F72
:1099D80003D0B3F5006F04D014E000F029F8F86064
:1099E8001FE0FFF747FF0346002B17D00F4BFB6024
:1099F80014E0FFF753FF0346002B11D04FF4004348
:109A0800FB600DE000F014F80346184600F036F845
:109A18000346184600F04AF8F86002E000BF00E08C
:109A280000BFFB6818461037BD4680BD0024F4000F
:109A380080B582B000AFFFF745FF03460C2B0CD072
:109A48000C2B0ED8042B02D0082B03D009E0094BAD
:109A58007B6009E0084B7B6006E000F03DF8786029
:109A680002E0044B7B6000BF7B6818460837BD46A0
:109A780080BD00BF0024F40000366E0180B582B0BE
:109A880000AF7860FFF72CFF03461B0903F00F03B4
:109A9800054AD35C03F01F037A6822FA03F31846D9
:109AA8000837BD4680BD00BFC4BC000880B582B081
:109AB80000AF7860FFF722FF03461B0A054AD35C14
:109AC80003F01F037A6822FA03F318460837BD46E5
:109AD80080BD00BFD4BC000890B583B000AFFFF7CD
:109AE8002DFF38603B68022B03D03B68032B03D063
:109AF80005E0114B7B6005E0104B7B6002E00E4BEC
:109B08007B6000BFFFF728FF02467B6803FB02F477
:109B1800FFF73EFF03461B090133B4FBF3F4FFF7DD
:109B280029FF03465B0E01335B00B4FBF3F31846D1
:109B38000C37BD4690BD00BF0024F40000366E010E
:109B480080B582B000AF0023FB71032000F03FF91D
:109B58000F20FFF74DF90346002B02D00123FB71BC
:109B680001E0FFF721F9FB7918460837BD4680BDAB
:109B780080B400AF054B1A68054B1B681344034AB1
:109B8800136000BFBD465DF8047B7047340A0020AF
:109B98000400002080B400AF034B1B681846BD4684
:109BA8005DF8047B704700BF340A002080B400AF22
:109BB800034B1B681846BD465DF8047B704700BF21
:109BC8000800002080B500AFFFF7F0FF0246064B03
:109BD8009B681B0A03F007030449CB5C03F01F03CF
:109BE80022FA03F3184680BD00100240D4BC0008D6
:109BF80080B483B000AF786039607B680F221A6048
:109C0800124B9B6803F003027B685A600F4B9B68FA
:109C180003F0F0027B689A600C4B9B6803F4E062E7
:109C28007B68DA60094B9B68DB0803F4E0627B68B9
:109C38001A61074B1B6803F00F023B681A6000BFEC
:109C48000C37BD465DF8047B704700BF001002402A
:109C58000020024080B400AF054B9B68044A43F4DF
:109C68008043936000BFBD465DF8047B704700BF2A
:109C78000070004080B485B000AF78607B6803F066
:109C88000703FB600C4BDB68BB60BA684FF6FF0349
:109C98001340BB60FB681A02BB68134343F0BF6301
:109CA80043F40033BB60044ABB68D36000BF143779
:109CB800BD465DF8047B704700ED00E080B400AF5E
:109CC800044BDB681B0A03F007031846BD465DF822
:109CD800047B704700ED00E080B483B000AF03461A
:109CE800FB7197F90730002B0BDBFB7903F01F02A0
:109CF800074997F907305B09012000FA02F241F899
:109D0800232000BF0C37BD465DF8047B704700BFB9
:109D180000E100E080B483B000AF03463960FB7116
:109D280097F90730002B0ADB3B68DAB20C4997F940
:109D380007301201D2B20B4483F800230AE03B68D3
:109D4800DAB20849FB7903F00F03043B1201D2B2DF
:109D58000B441A7600BF0C37BD465DF8047B70478C
:109D680000E100E000ED00E080B489B000AFF860E9
:109D7800B9607A60FB6803F00703FB61FB69C3F114
:109D88000703042B28BF0423BB61FB690433062B9C
:109D980002D9FB69033B00E000237B614FF0FF32EF
:109DA800BB6902FA03F3DA43BB681A407B699A403D
:109DB8004FF0FF317B6901FA03F3D9437B680B400D
:109DC800134318462437BD465DF8047B704780B5B9
:109DD80082B000AF78607868FFF74CFF00BF0837A3
:109DE800BD4680BD80B586B000AF0346B9607A60D5
:109DF800FB73FFF763FF78617A68B9687869FFF7E2
:109E0800B3FF024697F90F3011461846FFF782FF55
:109E180000BF1837BD4680BD80B582B000AF03468D
:109E2800FB7197F907301846FFF756FF00BF083750
:109E3800BD4680BD80B582B000AF78607B68002BDE
:109E480001D1012349E07B6893F83D30DBB2002B58
:109E580006D17B68002283F83C20786800F041F83E
:109E68007B68022283F83D207B681A687B6804338C
:109E78001946104600F060FA7B68012283F84820F2
:109E88007B68012283F83E207B68012283F83F200B
:109E98007B68012283F840207B68012283F84120F7
:109EA8007B68012283F842207B68012283F84320E3
:109EB8007B68012283F844207B68012283F84520CF
:109EC8007B68012283F846207B68012283F84720BB
:109ED8007B68012283F83D20002318460837BD46D9
:109EE80080BD80B483B000AF786000BF0C37BD463A
:109EF8005DF8047B7047000080B485B000AF7860DF
:109F08007B6893F83D30DBB2012B01D0012354E08C
:109F18007B68022283F83D207B681B68DA687B68CF
:109F28001B6842F00102DA607B681B68264A93428C
:109F380022D07B681B68B3F1804F1DD07B681B68FB
:109F4800224A934218D07B681B68214A934213D057
:109F58007B681B681F4A93420ED07B681B681E4AA9
:109F6800934209D07B681B681C4A934204D07B68E3
:109F78001B681B4A934215D17B681B689A68194B6A
:109F88001340FB60FB68062B15D0FB68B3F5803FD8
:109F980011D07B681B681A687B681B6842F0010255
:109FA8001A6008E07B681B681A687B681B6842F0C7
:109FB80001021A6000E000BF002318461437BD46AE
:109FC8005DF8047B704700BF002C0140000400408E
:109FD80000080040000C00400034014000400140EF
:109FE800005001400700010080B582B000AF7860E2
:109FF8007B681B681B6903F00203022B22D17B6874
:10A008001B68DB6803F00203022B1BD17B681B680B
:10A018006FF002021A617B6801221A777B681B685D
:10A028009B6903F00303002B03D0786800F065F9FF
:10A0380005E0786800F057F9786800F068F97B68FF
:10A0480000221A777B681B681B6903F00403042B42
:10A0580022D17B681B68DB6803F00403042B1BD147
:10A068007B681B686FF004021A617B6802221A770A
:10A078007B681B689B6903F44073002B03D07868E6
:10A0880000F03BF905E0786800F02DF9786800F0F9
:10A098003EF97B6800221A777B681B681B6903F00E
:10A0A8000803082B22D17B681B68DB6803F00803D0
:10A0B800082B1BD17B681B686FF008021A617B684C
:10A0C80004221A777B681B68DB6903F00303002B03
:10A0D80003D0786800F011F905E0786800F003F91A
:10A0E800786800F014F97B6800221A777B681B688F
:10A0F8001B6903F01003102B22D17B681B68DB68F7
:10A1080003F01003102B1BD17B681B686FF0100243
:10A118001A617B6808221A777B681B68DB6903F47D
:10A128004073002B03D0786800F0E7F805E0786802
:10A1380000F0D9F8786800F0EAF87B6800221A770E
:10A148007B681B681B6903F00103012B0ED17B6838
:10A158001B68DB6803F00103012B07D17B681B68D0
:10A168006FF001021A617868FEF7A6FD7B681B682C
:10A178001B6903F08003802B0ED17B681B68DB68AA
:10A1880003F08003802B07D17B681B686FF0800287
:10A198001A61786800F082F97B681B681B6903F410
:10A1A8008073B3F5807F0ED17B681B68DB6803F092
:10A1B8008003802B07D17B681B686FF480721A615B
:10A1C800786800F075F97B681B681B6903F0400329
:10A1D800402B0ED17B681B68DB6803F04003402BE3
:10A1E80007D17B681B686FF040021A61786800F03D
:10A1F80098F87B681B681B6903F02003202B0ED19D
:10A208007B681B68DB6803F02003202B07D17B6881
:10A218001B686FF020021A61786800F035F97B68D6
:10A228001B681B6903F48013B3F5801F0FD17B688B
:10A238001B68DB6803F48013B3F5801F07D17B68C4
:10A248001B686FF480121A61786800F03BF97B682C
:10A258001B681B6903F40013B3F5001F0FD17B685B
:10A268001B68DB6803F40013B3F5001F07D17B6894
:10A278001B686FF400121A61786800F02DF97B688A
:10A288001B681B6903F48003B3F5800F0FD17B684B
:10A298001B68DB6803F48003B3F5800F07D17B6884
:10A2A8001B686FF480021A61786800F01FF97B68F8
:10A2B8001B681B6903F40003B3F5000F0FD17B681B
:10A2C8001B68DB6803F40003B3F5000F07D17B6854
:10A2D8001B686FF400021A61786800F011F900BF7A
:10A2E8000837BD4680BD80B483B000AF786000BF3A
:10A2F8000C37BD465DF8047B704780B483B000AF6F
:10A30800786000BF0C37BD465DF8047B704780B4A9
:10A3180083B000AF786000BF0C37BD465DF8047BA2
:10A32800704780B483B000AF786000BF0C37BD467B
:10A338005DF8047B7047000080B485B000AF78609A
:10A3480039607B681B68FB607B68464A934217D07C
:10A358007B68B3F1804F13D07B68434A93420FD098
:10A368007B68424A93420BD07B68414A934207D0AC
:10A378007B68404A934203D07B683F4A934208D1A6
:10A38800FB6823F07003FB603B685B68FA68134363
:10A39800FB607B68334A934223D07B68B3F1804FDC
:10A3A8001FD07B68304A93421BD07B682F4A934268
:10A3B80017D07B682E4A934213D07B682D4A93426C
:10A3C8000FD07B682D4A93420BD07B682C4A93426E
:10A3D80007D07B682B4A934203D07B68264A934276
:10A3E80008D1FB6823F44073FB603B68DB68FA68BC
:10A3F8001343FB60FB6823F080023B685B691343EF
:10A40800FB607B68FA681A603B689A687B68DA6266
:10A418003B681A687B689A627B68124A934213D039
:10A428007B68144A93420FD07B68144A93420BD03E
:10A438007B68134A934207D07B68124A934203D041
:10A448007B680D4A934203D13B681A697B681A639B
:10A458007B6801225A6100BF1437BD465DF8047B52
:10A46800704700BF002C0140000400400008004075
:10A47800000C004000340140005001400040014001
:10A48800004401400048014080B483B000AF7860C8
:10A4980000BF0C37BD465DF8047B704780B483B0BD
:10A4A80000AF786000BF0C37BD465DF8047B70478D
:10A4B80080B483B000AF786000BF0C37BD465DF84C
:10A4C800047B704780B483B000AF786000BF0C375E
:10A4D800BD465DF8047B704780B483B000AF7860F8
:10A4E80000BF0C37BD465DF8047B704780B483B06D
:10A4F80000AF786000BF0C37BD465DF8047B70473D
:10A5080080B483B000AF786000BF0C37BD465DF8FB
:10A51800047B704780B483B000AF786039607B6893
:10A528003A689A6200BF0C37BD465DF8047B7047F5
:10A5380080B483B000AF786039607B683A68DA62CB
:10A5480000BF0C37BD465DF8047B704780B483B00C
:10A5580000AF786039607B683A681A6300BF0C37CF
:10A56800BD465DF8047B704780B483B000AF786067
:10A5780039607B683A685A6300BF0C37BD465DF89E
:10A58800047B704780B483B000AF786039607B6823
:10A598003A689A6300BF0C37BD465DF8047B704784
:10A5A80080B483B000AF786039607B683A68DA635A
:10A5B80000BF0C37BD465DF8047B704780B483B09C
:10A5C80000AF786039607B683A681A6400BF0C375E
:10A5D800BD465DF8047B704780B483B000AF7860F7
:10A5E80039607B689B6C7B683A689A6400BF0C375B
:10A5F800BD465DF8047B704780B483B000AF7860D7
:10A6080039607B683A68DA6400BF0C37BD465DF88C
:10A61800047B704780B483B000AF78607B685B6967
:10A6280043F001027B685A6100BF0C37BD465DF8F4
:10A63800047B704780B584B000AF786039607B6870
:10A648001B68FB607B68434A934217D07B68B3F171
:10A65800804F13D07B68404A93420FD07B683F4AB3
:10A6680093420BD07B683E4A934207D07B683D4AB1
:10A67800934203D07B683C4A934206D1FB6823F09F
:10A6880070023B685B681343FB607B68314A934206
:10A6980023D07B68B3F1804F1FD07B682E4A93424A
:10A6A8001BD07B682D4A934217D07B682C4A934273
:10A6B80013D07B682B4A93420FD07B682B4A934276
:10A6C8000BD07B682A4A934207D07B68294A934279
:10A6D80003D07B68244A934206D1FB6823F4407276
:10A6E8003B68DB681343FB607B68FA681A603B6869
:10A6F8009B6819467868FFF71BFF3B681B8819465B
:10A708007868FFF707FF7B68124A934213D07B688B
:10A71800144A93420FD07B68144A93420BD07B684B
:10A72800134A934207D07B68124A934203D07B684E
:10A738000D4A934205D13B681B6919467868FFF7B3
:10A7480005FF7868FFF766FF002318461037BD46F7
:10A7580080BD00BF002C01400004004000080040FC
:10A76800000C00400034014000500140004001400E
:10A77800004401400048014080B586B000AFF86051
:10A78800B9607A600123FB75BB68B3F5801F45D0BB
:10A79800BB68B3F5801F48D8BB68B3F5803F36D097
:10A7A800BB68B3F5803F40D8BB68B3F5805F27D05E
:10A7B800BB68B3F5805F38D8BB68B3F5807F18D025
:10A7C800BB68B3F5807F30D8BB68012B03D0BB686A
:10A7D800102B07D029E07968F86800F02DF80346B7
:10A7E800FB7523E07968F86800F0ACF80346FB7560
:10A7F8001CE07968F86800F02FF90346FB7515E04E
:10A808007968F86800F0B2F90346FB750EE07968DC
:10A81800F86800F035FA0346FB7507E07968F868D0
:10A8280000F098FA0346FB7500E000BFFB7D184670
:10A838001837BD4680BD000080B586B000AF78608F
:10A8480039607B681B6A23F001027B681A627B68A7
:10A858001B6A7B617B685B683B617B689B69FB600B
:10A86800FB6823F00303FB60FB6823F4803323F0C9
:10A8780070033A6812681343FB607B6923F0020295
:10A888003B681B6913437B617B6923F001023B68CA
:10A898005B6813437B617B68244A934213D07B68CF
:10A8A800234A93420FD07B68224A93420BD07B689D
:10A8B800214A934207D07B68204A934203D07B68A1
:10A8C8001F4A93421ED17B6923F008023B685B69EB
:10A8D8009B0013437B617B6923F004023B689B6800
:10A8E8009B0013437B613B6923F480723B689B693F
:10A8F80013433B613B6923F400723B68DB695B00EF
:10A9080013433B617B683A695A607B68FA689A61CD
:10A918003B68DB6819467868FFF726FE7B687A692A
:10A928001A62002318461837BD4680BD002C014026
:10A93800003401400040014000440140004801400B
:10A948000050014080B586B000AF786039607B6800
:10A958001B6A23F010027B681A627B681B6A7B61A2
:10A968007B685B683B617B689B69FB60FB6823F4E1
:10A978004073FB60FB6823F0807323F4E0433A687C
:10A98800126812021343FB607B6923F020023B68C4
:10A998001B691B0113437B617B6923F010023B6831
:10A9A8005B681B0113437B617B68254A934213D084
:10A9B8007B68244A93420FD07B68234A93420BD08A
:10A9C8007B68224A934207D07B68214A934203D08E
:10A9D8007B68204A93421FD17B6923F080023B6841
:10A9E8005B699B0113437B617B6923F040023B68F1
:10A9F8009B689B0113437B613B6923F480623B683E
:10AA08009B699B0013433B613B6923F400623B68ED
:10AA1800DB69DB0013433B617B683A695A607B68FA
:10AA2800FA689A613B68DB6819467868FFF7AAFDFF
:10AA38007B687A691A62002318461837BD4680BDBC
:10AA4800002C014000340140004001400044014016
:10AA5800004801400050014080B586B000AF7860E2
:10AA680039607B681B6A23F480727B681A627B6892
:10AA78001B6A7B617B685B683B617B68DB69FB60A9
:10AA8800FB6823F00303FB60FB6823F4803323F0A7
:10AA980070033A6812681343FB607B6923F4007201
:10AAA8003B681B691B0213437B617B6923F480723B
:10AAB8003B685B681B0213437B617B68254A9342B2
:10AAC80013D07B68244A93420FD07B68234A934271
:10AAD8000BD07B68224A934207D07B68214A934275
:10AAE80003D07B68204A93421FD17B6923F400621C
:10AAF8003B685B699B0213437B617B6923F480623B
:10AB08003B689B689B0213437B613B6923F480523B
:10AB18003B689B691B0113433B613B6923F400526B
:10AB28003B68DB695B0113433B617B683A695A60A8
:10AB38007B68FA68DA613B68DB6819467868FFF772
:10AB48002FFD7B687A691A62002318461837BD46BC
:10AB580080BD00BF002C014000340140004001408E
:10AB680000440140004801400050014080B586B0D3
:10AB780000AF786039607B681B6A23F480527B6879
:10AB88001A627B681B6A7B617B685B683B617B68D8
:10AB9800DB69FB60FB6823F44073FB60FB6823F010
:10ABA800807323F4E0433A68126812021343FB608F
:10ABB8007B6923F400523B681B691B0313437B61C9
:10ABC8007B6923F480523B685B681B0313437B61FA
:10ABD8007B68254A934213D07B68244A93420FD05E
:10ABE8007B68234A93420BD07B68224A934207D062
:10ABF8007B68214A934203D07B68204A93421FD145
:10AC08007B6923F400423B685B699B0313437B61C8
:10AC18007B6923F480423B689B689B0313437B61F9
:10AC28003B6923F480423B689B699B0113433B616A
:10AC38003B6923F400423B68DB69DB0113433B615A
:10AC48007B683A695A607B68FA68DA613B68DB6856
:10AC580019467868FFF7B2FC7B687A691A620023A4
:10AC680018461837BD4680BD002C0140003401400D
:10AC780000400140004401400048014000500140AC
:10AC880080B584B000AF786039607B681B6A23F4B4
:10AC980080327B681A627B681B6AFB607B681B6D6D
:10ACA800BB60BB6823F4803323F070033A681268F2
:10ACB8001343BB60FB6823F400323B681B691B0429
:10ACC8001343FB60FB6823F480323B685B681B041A
:10ACD8001343FB607B68194A934213D07B68184A78
:10ACE80093420FD07B68174A93420BD07B68164A71
:10ACF800934207D07B68154A934203D07B68144A75
:10AD0800934209D17B685B6823F480323B689B6976
:10AD18001B021A437B685A607B68BA681A653B68ED
:10AD2800DB6819467868FFF757FC7B68FA681A628F
:10AD3800002318461037BD4680BD00BF002C0140D7
:10AD480000340140004001400044014000480140F7
:10AD58000050014080B584B000AF786039607B68EE
:10AD68001B6A23F480127B681A627B681B6AFB608B
:10AD78007B681B6DBB60BB6823F0807323F4E043E2
:10AD88003A68126812021343BB60FB6823F400128E
:10AD98003B681B691B051343FB60FB6823F48012A7
:10ADA8003B685B681B051343FB607B68184A93424A
:10ADB80013D07B68174A93420FD07B68164A934298
:10ADC8000BD07B68154A934207D07B68144A93429C
:10ADD80003D07B68134A934209D17B685B6823F4EC
:10ADE80080223B689B699B021A437B685A607B6898
:10ADF800BA681A653B68DB6819467868FFF7FCFB98
:10AE08007B68FA681A62002318461037BD4680BD71
:10AE1800002C014000340140004001400044014042
:10AE2800004801400050014080B400AF064BD3F801
:10AE38008830054A43F47003C2F8883000BFBD4625
:10AE48005DF8047B704700BF00ED00E080B586B078
:10AE580000AF7860144A154BD31A7B617B693B615C
:10AE6800134B1B68002B02D1114B124A1A60104B6E
:10AE78001A687B6813443A699A4207D200F010FBBB
:10AE880003460C221A604FF0FF3309E0084B1B6899
:10AE9800FB60074B1A687B681344054A1360FB681C
:10AEA80018461837BD4680BD000002200004000087
:10AEB800380A0020880B00200D4885460D480E49A9
:10AEC8000E4A002302E0D458C4500433C4188C42FC
:10AED800F9D30B4A0B4C002301E013600432A24261
:10AEE800FBD3FFF7A1FF00F0E1FAFCF78BFCFEE7CC
:10AEF80000000220000000205C000020ECBC0008DC
:10AF080060000020840B0020FEE700000000000025
:10AF180051EC100BC1F30A532DE9F041A3F2FF35B0
:10AF2800132D0C46064634DC002D20DB364B43FA45
:10AF380005F801EA080303430F462FD030A3D3E9ED
:10AF48000023F5F74BF900220023F5F78DFD40B1FA
:10AF5800002C03DD4FF480132B411F4427EA08041B
:10AF680000262346324643EC102BBDE8F08124A38B
:10AF7800D3E90023F5F732F900220023F5F774FD31
:10AF88000028EED0002C36DB344300D01F4C0026BE
:10AF9800E7E7332D06DDB5F5806F25D041EC100BC2
:10AFA800BDE8F081A3F213434FF0FF37DF4038428A
:10AFB800F4D013A3D3E90023F5F710F900220023F6
:10AFC800F5F752FD0028CCD0002C334609DD142DAE
:10AFD80006D0C5F134050122AA4013449E4200D987
:10AFE800013423EA0706BCE702460B46F5F7F6F8F4
:10AFF80041EC100BD4E700264FF00044B1E700BF46
:10B008009C7500883CE4377EFFFF0F000000F03F8E
:10B018002DE9F047089D0E4604460F46002B4AD1FD
:10B0280094468C45B2FA82F260D942B1C2F120034B
:10B03800974020FA03F30CFA02FC1F4394404FEAAE
:10B048001C4E1FFA8CF6B7FBFEF1230C0EFB117792
:10B0580043EA074301FB06F098420AD91CEB0303B5
:10B0680001F1FF3780F01581984240F212810239D0
:10B0780063441B1AA4B2B3FBFEF00EFB103344EA80
:10B08800034400FB06F6A6420AD91CEB040400F1AF
:10B09800FF3380F00081A64240F2FD80644402380C
:10B0A80040EA0140A41B00211DB1D4400023C5E99A
:10B0B8000043BDE8F0878B4205D90DB1C5E9000111
:10B0C80000210846F5E7B3FA83F1002946D1B342D7
:10B0D80002D3824200F2F580841A66EB0302012053
:10B0E8001746002DE5D0C5E90047E2E7002A40F001
:10B0F8009380A1EB0C034FEA1C471FFA8CFE012139
:10B10800B3FBF7F607FB1630230C43EA00430EFBAC
:10B1180006F0984208D91CEB030306F1FF3802D267
:10B12800984200F2D08046461B1AA4B2B3FBF7F04F
:10B1380007FB103344EA03440EFB00FEA64508D97A
:10B148001CEB040400F1FF3302D2A64500F2B680DE
:10B158001846A4EB0E0440EA0640A5E7C1F1200713
:10B168008B4022FA07FC4CEA030C06FA01FE20FA8F
:10B1780007F426FA07F344EA0E0400FA01F84FEA46
:10B188001C404FEA1449B3FBF0FE1FFA8CF600FB93
:10B198001E3349EA03430EFB06F9994502FA01F208
:10B1A8000BD91CEB03030EF1FF3A80F0858099451B
:10B1B80040F28280AEF1020E6344A3EB0909A4B207
:10B1C800B9FBF0F300FB139944EA094403FB06F6C4
:10B1D800A64208D91CEB040403F1FF3068D2A6424A
:10B1E80066D9023B644443EA0E40A41BA0FB02E676
:10B1F800B4427346B14652D34FD05DB1B8EB0302A7
:10B2080064EB090404FA07F722FA01F31F43CC4060
:10B21800C5E9007400214CE7C2F1200120FA01F3CE
:10B228000CFA02FC26FA01F1964033434FEA1C4718
:10B238001FFA8CFEB1FBF7F007FB1016190C41EA58
:10B24800064100FB0EF68E4204FA02F408D91CEB04
:10B25800010100F1FF382DD28E422BD9023861440A
:10B26800891B9BB2B1FBF7F607FB161143EA0143B2
:10B2780006FB0EF1994208D91CEB030306F1FF38CF
:10B2880014D2994212D9023E63445B1A46EA00413D
:10B2980036E73946EDE6184602E7F045ADD2BEEB93
:10B2A800020366EB0C060138B146A6E74646ECE712
:10B2B800034698E74046D3E7D6467EE7644402381B
:10B2C80047E708460DE7023E63442DE7024B014677
:10B2D800186800F02DB800BF0C000020024B014692
:10B2E800186800F017B900BF0C00002070B50F4EA9
:10B2F8000C463168054611B900F0C2F830602146A5
:10B30800284600F0BDF8431C03D14FF0FF34204617
:10B3180070BDC41C24F00304A042F8D0211A2846AA
:10B3280000F0AEF80130F2D1EFE700BF3C0A002090
:10B338002DE9F843CD1C25F0030508350C2D38BF41
:10B348000C25002D064601DBA94204D90C233360E5
:10B358000020BDE8F883DFF8D48000F069F8D8F859
:10B3680000301C4644BB29463046FFF7BFFF431C4C
:10B37800044658D1D8F800402746002F43D1002C66
:10B388004BD023683946304604EB030900F078F8BF
:10B39800814542D121686D1A29463046FFF7A6FF3C
:10B3A80001303AD023682B442360D8F800305A681B
:10B3B80062BBC8F800700FE02268521B20D40B2A29
:10B3C80017D96119A342256018BF5960636808BF7F
:10B3D800C8F8001062514B60304600F02FF804F1B5
:10B3E8000B00231D20F00700C21A1CBF1B1AA35014
:10B3F800AFE76268A3420CBFC8F800205A60EBE7C9
:10B4080023466468AEE73C467F68B6E71A465B6841
:10B41800A342FBD100235360DEE70C2333603046A0
:10B4280000F00CF894E70560D6E700BF400A00205A
:10B43800014800F05FB800BF800B0020014800F011
:10B448005AB800BF800B002002440346934200D143
:10B45800704703F8011BF9E710B50139034632B10B
:10B4680011F8014F03F8014B013A002CF7D11A44A7
:10B478000021934200D110BD03F8011BF9E7000039
:10B4880038B5064D0023044608462B60FFF7DEFC5E
:10B49800431C02D12B6803B1236038BD7C0B00200C
:10B4A800014B1868704700BF0C00002070B50D4DA7
:10B4B8000D4C641BA4100026A64209D10B4D0C4C60
:10B4C80000F072F8641BA4100026A64205D170BDD6
:10B4D80055F8043B98470136EEE755F8043B984782
:10B4E8000136F2E7E4BC0008E4BC0008E4BC00084C
:10B4F800E8BC0008704770470A44914200F1FF33E6
:10B5080000D1704710B511F8014B03F8014F914273
:10B51800F9D110BD38B50546002941D051F8043C91
:10B528000C1F002BB8BFE418FFF782FF1D4A1368F1
:10B5380033B9636014602846BDE83840FFF77EBF22
:10B54800A34208D9206821188B4201BF19685B689B
:10B5580009182160EDE71A465B680BB1A342FAD9D6
:10B5680011685018A0420BD120680144501883423A
:10B578001160E0D118685B68536008441060DAE72E
:10B5880002D90C232B60D6E7206821188B4204BF10
:10B5980019685B68636004BF091821605460CAE7D2
:10B5A80038BD00BF400A0020F8B500BFF8BC08BC91
:10B5B8009E467047F8B500BFF8BC08BC9E46704769
:10B5C80000000000081C3044586C8094081C30446B
:10B5D800586C8094C40900200D0A3D3D3D20535409
:10B5E80041545553203D3D3D0D0A54656D706572BB
:10B5F80061747572613A200056656E657A69616E8C
:10B60800653A20004C7563693A2000004348495563
:10B6180053450000415045525445000041504552A1
:10B628005445205041525A49414C4D454E544520AD
:10B63800636F6E2050726573657420004143434503
:10B64800534500005350454E544500000D0A0D0A5D
:10B658003D3D3D3D204D454E55203D3D3D3D0D0A6E
:10B66800312E204C756369204F4E2F4F46460D0AE8
:10B67800322E204C7563692054656D706F72697A3B
:10B688007A6174650D0A332E2054656D7065726198
:10B69800747572610D0A342E2056656E657A69617B
:10B6A8006E650D0A5072656D6920434F4E464947D5
:10B6B8000D0A00000D0A0D0A436F6E666967757200
:10B6C800617A696F6E6520696E697A69616C652057
:10B6D800636F6D706C65746174612E0D0A506572CC
:10B6E80020656E7472617265206E656C6C61206D88
:10B6F8006F64616C697461206F70657261746976DA
:10B70800612C207072656D65726520696C2070759A
:10B718006C73616E746520434F4E4649472E000096
:10B728000D0A56616C6F72652056454E455A49415F
:10B738004E45206E6F6E2076616C69646F2E0D0A1F
:10B748005072656D6920494E56494F2070657220C8
:10B758007265696E73657269726C6F0D0A0000001C
:10B768000D0A4D4F44414C495441204C5543493AE8
:10B778002028303A207370656E746F2C20313A207F
:10B7880061636365736F290D0A0000000D0A544553
:10B798004D50455241545552413A2052616E6765A9
:10B7A8002031362043202D20333020430D0A00005D
:10B7B8000D0A56454E455A49414E453A2030202DEE
:10B7C80020390D0A0D0A4D4F44414C495441204C33
:10B7D8005543492054454D504F52495A5A415445B2
:10B7E8003A206475726174612064692061636365DD
:10B7F8006E73696F6E65202835202D2033302073D5
:10B808002C203020733A20646973617474697661FE
:10B818007461290D0A0000000D0A0D0A3D3D3D3DE9
:10B82800204D454E55203D3D3D3D0D0A312E204CC5
:10B83800756369204F4E2F4F46460D0A322E204C15
:10B848007563692054656D706F72697A7A61746581
:10B858000D0A332E2054656D7065726174757261BE
:10B868000D0A342E2056656E657A69616E650D0A7B
:10B878005072656D6920434F4E4649470D0A0000D6
:10B888000D0A54454D50455241545552413A2052A3
:10B89800616E67652031362043202D2033302043E8
:10B8A8000D0A00000D0A56616C6F726520445552EE
:10B8B800415441204C554349206E6F6E2076616C8F
:10B8C80069646F2E0D0A5072656D6920494E56499C
:10B8D8004F20706572207265696E73657269726C4B
:10B8E8006F0D0A000D0A4D4F44414C495441204CFC
:10B8F8005543492054454D504F52495A5A41544591
:10B908003A206475726174612064692061636365BB
:10B918006E73696F6E65202835202D2033302073B3
:10B928002C203020733A20646973617474697661DD
:10B938007461290D0A0000000D0A0D0A3D3D3D3DC8
:10B94800204D454E55203D3D3D3D0D0A312E204CA4
:10B95800756369204F4E2F4F46460D0A322E204CF4
:10B968007563692054656D706F72697A7A61746560
:10B978000D0A332E2054656D70657261747572619D
:10B988000D0A342E2056656E657A69616E650D0A5A
:10B998005072656D6920434F4E4649470D0A0000B5
:10B9A8000D0A56616C6F7265204D4F44414C4954E5
:10B9B80041204C554349206E6F6E2076616C696456
:10B9C8006F2E0D0A5072656D6920494E56494F20F9
:10B9D800706572207265696E73657269726C6F0D3D
:10B9E8000A0000000D0A56616C6F72652054454DBF
:10B9F8005045524154555241206E6F6E2076616C0D
:10BA080069646F2E0D0A5072656D6920494E56495A
:10BA18004F20706572207265696E73657269726C09
:10BA28006F0D0A000D0A0D0A3D3D3D3D204D454E66
:10BA380055203D3D3D3D0D0A312E204C7563692052
:10BA48004F4E2F4F46460D0A322E204C7563692003
:10BA580054656D706F72697A7A6174650D0A332E58
:10BA68002054656D70657261747572610D0A342EAB
:10BA78002056656E657A69616E650D0A5072656D4E
:10BA88006920434F4E4649470D0A00000D0A5645A6
:10BA98004E455A49414E453A2030202D20390D0A4D
:10BAA8000D0A4D4F44414C495441204C55434920BF
:10BAB80054454D504F52495A5A4154453A2064759D
:10BAC8007261746120646920616363656E73696F74
:10BAD8006E65202835202D20333020732C2030200F
:10BAE800733A206469736174746976617461290DAD
:10BAF8000A0000000D0A4D4F44414C495441204C66
:10BB08005543493A2028303A207370656E746F2C7B
:10BB180020313A2061636365736F290D0A000000C4
:10BB28000D0A54454D50455241545552413A205200
:10BB3800616E67652031362043202D203330204345
:10BB48000D0A00000D0A56454E455A49414E453AE0
:10BB58002030202D20390D0A0D0A0D0A3D3D3D3DAE
:10BB6800204D454E55203D3D3D3D0D0A312E204C82
:10BB7800756369204F4E2F4F46460D0A322E204CD2
:10BB88007563692054656D706F72697A7A6174653E
:10BB98000D0A332E2054656D70657261747572617B
:10BBA8000D0A342E2056656E657A69616E650D0A38
:10BBB8005072656D6920434F4E4649470D0A000093
:10BBC80042656E76656E75746F206E656C6C20616B
:10BBD8006D6269656E746520646F6D6F7469636FFB
:10BBE800210D0A416C6C61207072696D612061746D
:10BBF800746976617A696F6E652C2065206E65635D
:10BC08006573736172696F20636F6E6669677572B9
:10BC1800617265207475747465206C652066756E34
:10BC28007A696F6E616C6974610D0A001B5B303B49
:10BC380030481B5B324A00005072656D65726520A2
:10BC4800696C2070756C73616E7465204154544939
:10BC5800564120706572206174746976617265203E
:10BC6800696C20646973706F73697469766F0D0A03
:10BC78000D0A000000042000100008000201000066
:10BC880000000000081C3044586C8094000000003C
:10BC9800040404043838000000000800000008000C
:10BCA80000080000010002000400060008000A0065
:10BCB8000C0010002000400080000001000000007F
:10BCC8000000000001020304060708090000000044
:04BCD800010203045E
:08BCDC000C4FFF7F0100000086
:04BCE400610C0008E7
:04BCE800390C00080B
:10BCEC0010000000010000000024F40010000020EF
:10BCFC0000000000440A0020AC0A0020140B0020B5
:10BD0C000000000000000000000000000000000027
:10BD1C000000000000000000000000000000000017
:10BD2C000000000000000000000000000000000007
:0CBD3C00000000000000000000000000FB
:040000050800AEC180
:00000001FF
